Workbook
Name Acciones_Educación_vial: #REF!
Name Acciones_Educación_vial: #REF!
Name Acciones_Educación_vial: #REF!
Name Acciones_Educación_vial: #REF!
Name Acciones_Educación_vial: #REF!
Name EDUVIAL_2024: #REF!
Name EDUVIAL_2024: #REF!
Name EDUVIAL_2024: #REF!
Name EDUVIAL_2024: EDUVIAL_2023[#All]
Name IITRIM: SEGUIMIENTO!$A$1:$V$307
Name IITRIM: #REF!

Sheet SEGUIMIENTO
A1: FECHA DE LA ACTIVIDAD (DÍA-MES-AÑO) | B1: MES | C1: ÁREA DE EDUCACIÓN VIAL | D1: PÚBLICOS | E1: TIPO DE INTERVENCIÓN | F1: RESPONSABLE | G1: DESCRIPCIÓN DE ACTIVIDAD (Escriba brevemente la actividad realizada) | H1: INSTITUCIÓN O EMPRESA | I1: PERSONA DE CONTACTO O BENEFICIARIO | J1: HOMBRE | K1: MUJER | L1: TOTAL SEXO | M1: PRIMERA INFANCIA (Hasta 5 años) | N1: INFANCIA (6 a 11 años) | O1: ADOLESCENCIA (12 años a 17 años) | P1: ADULTOS-JÓVENES (18 años a 28 años) | Q1: ADULTOS (29 años a 60 años) | R1: PERSONAS MAYORES ( Mayores de 60 años) | S1: TOTAL RANGOS | T1: TOTAL GENERAL (no modificar) | U1: ZONA | V1: BARRIO | W1: GEOREFERENCIACIÓN | X1: TOTAL GENERAL (no modificar)2 | Y1: TOTAL GENERAL (no modificar)3
A2: 45672 | B2: ENE | C2: Acciones Por La Vida - ANSV | D2: Motociclistas | E2: Acciones por la vida para motociclistas ANSV | F2: Juan Carlos Caicedo | G2: Desarrollar actividades pedagógicas y artísticas en vía para mitigar conductas de riesgo que están asociadas a los siniestros viales | H2: Agencia Nacional de Seguridad Vial | I2: Andrés Cristancho | J2: 4 | K2: 2 | L2: =EDUVIAL_2023[[#This Row],[HOMBRE]]+EDUVIAL_2023[[#This Row],[MUJER]] -> 6 | M2: 0 | N2: 0 | O2: 0 | P2: 0 | Q2: 4 | R2: 2 | S2: =EDUVIAL_2023[[#This Row],[PRIMERA INFANCIA (Hasta 5 años)]]+EDUVIAL_2023[[#This Row],[INFANCIA (6 a 11 años)]]+EDUVIAL_2023[[#This Row],[ADOLESCENCIA (12 años a 17 años)]]+EDUVIAL_2023[[#This Row],[ADULTOS-JÓVENES (18 años a 28 años)]]+EDUVIAL_2023[[#This Row],[PERSONAS MAYORES ( Mayores de 60 años)]]+EDUVIAL_2023[[#This Row],[ADULTOS (29 años a 60 años)]] -> 6 | T2: =EDUVIAL_2023[[#This Row],[TOTAL SEXO]] -> 6 | U2: Zona 9 | V2: Centro | W2: 6.169773013301722, -75.58747462568526 | X2: =EXACT(EDUVIAL_2023[[#This Row],[TOTAL SEXO]],EDUVIAL_2023[[#This Row],[TOTAL RANGOS]]) -> TRUE
A3: 45678 | B3: ENE | C3: Acciones Por La Vida - ANSV | D3: Motociclistas | E3: Acciones por la vida para motociclistas ANSV | F3: Juan Carlos Caicedo | G3: Desarrollar actividades pedagógicas y artísticas en vía para mitigar conductas de riesgo que están asociadas a los siniestros viales | H3: Agencia Nacional de Seguridad Vial | I3: Andrés Cristancho | J3: 43 | K3: 11 | L3: =EDUVIAL_2023[[#This Row],[HOMBRE]]+EDUVIAL_2023[[#This Row],[MUJER]] -> 54 | M3: 0 | N3: 0 | O3: 4 | P3: 10 | Q3: 34 | R3: 6 | S3: =EDUVIAL_2023[[#This Row],[PRIMERA INFANCIA (Hasta 5 años)]]+EDUVIAL_2023[[#This Row],[INFANCIA (6 a 11 años)]]+EDUVIAL_2023[[#This Row],[ADOLESCENCIA (12 años a 17 años)]]+EDUVIAL_2023[[#This Row],[ADULTOS-JÓVENES (18 años a 28 años)]]+EDUVIAL_2023[[#This Row],[PERSONAS MAYORES ( Mayores de 60 años)]]+EDUVIAL_2023[[#This Row],[ADULTOS (29 años a 60 años)]] -> 54 | T3: =EDUVIAL_2023[[#This Row],[TOTAL SEXO]] -> 54 | U3: Zona 9 | V3: Centro | W3: 6.169773013301722, -75.58747462568526 | X3: =EXACT(EDUVIAL_2023[[#This Row],[TOTAL SEXO]],EDUVIAL_2023[[#This Row],[TOTAL RANGOS]]) -> TRUE
A4: 45679 | B4: ENE | C4: Experiencias ciudadanas en movilidad sostenible y segura | D4: Conductores sancionados por embriaguez | E4: Orientación y seguimiento a labor comunitaria | F4: Juan Carlos Caicedo | G4: Sensibilización en prevención de la conducción bajo los efectos del alcohol o sustancias psicoactivas. | H4: Secretaría de Movilidad | I4: Jorge Wilson Osorio | J4: 1 | K4: 0 | L4: =EDUVIAL_2023[[#This Row],[HOMBRE]]+EDUVIAL_2023[[#This Row],[MUJER]] -> 1 | M4: 0 | N4: 0 | O4: 0 | P4: 0 | Q4: 1 | R4: 0 | S4: =EDUVIAL_2023[[#This Row],[PRIMERA INFANCIA (Hasta 5 años)]]+EDUVIAL_2023[[#This Row],[INFANCIA (6 a 11 años)]]+EDUVIAL_2023[[#This Row],[ADOLESCENCIA (12 años a 17 años)]]+EDUVIAL_2023[[#This Row],[ADULTOS-JÓVENES (18 años a 28 años)]]+EDUVIAL_2023[[#This Row],[PERSONAS MAYORES ( Mayores de 60 años)]]+EDUVIAL_2023[[#This Row],[ADULTOS (29 años a 60 años)]] -> 1 | T4: =EDUVIAL_2023[[#This Row],[TOTAL SEXO]] -> 1 | U4: Zona 9 | V4: Centro | W4: 6.168450558868997, -75.5896412723252 | X4: =EXACT(EDUVIAL_2023[[#This Row],[TOTAL SEXO]],EDUVIAL_2023[[#This Row],[TOTAL RANGOS]]) -> TRUE
A5: 45680 | B5: ENE | C5: Acciones Por La Vida - ANSV | D5: Motociclistas | E5: Acciones por la vida para motociclistas ANSV | F5: Juan Carlos Caicedo | G5: Desarrollar actividades pedagógicas y artísticas en vía para mitigar conductas de riesgo que están asociadas a los siniestros viales | H5: Agencia Nacional de Seguridad Vial | I5: Andrés Cristancho | J5: 21 | K5: 9 | L5: =EDUVIAL_2023[[#This Row],[HOMBRE]]+EDUVIAL_2023[[#This Row],[MUJER]] -> 30 | M5: 0 | N5: 0 | O5: 1 | P5: 10 | Q5: 19 | R5: 0 | S5: =EDUVIAL_2023[[#This Row],[PRIMERA INFANCIA (Hasta 5 años)]]+EDUVIAL_2023[[#This Row],[INFANCIA (6 a 11 años)]]+EDUVIAL_2023[[#This Row],[ADOLESCENCIA (12 años a 17 años)]]+EDUVIAL_2023[[#This Row],[ADULTOS-JÓVENES (18 años a 28 años)]]+EDUVIAL_2023[[#This Row],[PERSONAS MAYORES ( Mayores de 60 años)]]+EDUVIAL_2023[[#This Row],[ADULTOS (29 años a 60 años)]] -> 30 | T5: =EDUVIAL_2023[[#This Row],[TOTAL SEXO]] -> 30 | U5: Zona 9 | V5: Centro | W5: 6.169773013301722, -75.58747462568526 | X5: =EXACT(EDUVIAL_2023[[#This Row],[TOTAL SEXO]],EDUVIAL_2023[[#This Row],[TOTAL RANGOS]]) -> TRUE
A6: 45684 | B6: ENE | C6: Experiencias ciudadanas en movilidad sostenible y segura | D6: Conductores sancionados por embriaguez | E6: Orientación y seguimiento a labor comunitaria | F6: Jairo Gaviria | G6: Sensibilización en prevención de la conducción bajo los efectos del alcohol o sustancias psicoactivas. | H6: Secretaría de Movilidad | I6: Emiro Jose Osorio | J6: 1 | K6: 0 | L6: =EDUVIAL_2023[[#This Row],[HOMBRE]]+EDUVIAL_2023[[#This Row],[MUJER]] -> 1 | M6: 0 | N6: 0 | O6: 0 | P6: 0 | Q6: 1 | R6: 0 | S6: =EDUVIAL_2023[[#This Row],[PRIMERA INFANCIA (Hasta 5 años)]]+EDUVIAL_2023[[#This Row],[INFANCIA (6 a 11 años)]]+EDUVIAL_2023[[#This Row],[ADOLESCENCIA (12 años a 17 años)]]+EDUVIAL_2023[[#This Row],[ADULTOS-JÓVENES (18 años a 28 años)]]+EDUVIAL_2023[[#This Row],[PERSONAS MAYORES ( Mayores de 60 años)]]+EDUVIAL_2023[[#This Row],[ADULTOS (29 años a 60 años)]] -> 1 | T6: =EDUVIAL_2023[[#This Row],[TOTAL SEXO]] -> 1 | U6: Zona 9 | V6: Centro | W6: 6.169773013301722, -75.58747462568526 | X6: =EXACT(EDUVIAL_2023[[#This Row],[TOTAL SEXO]],EDUVIAL_2023[[#This Row],[TOTAL RANGOS]]) -> TRUE
A7: 45688 | B7: ENE | C7: Experiencias ciudadanas en movilidad sostenible y segura | D7: Conductores sancionados por embriaguez | E7: Orientación y seguimiento a labor comunitaria | F7: Jairo Gaviria | G7: Sensibilización en prevención de la conducción bajo los efectos del alcohol o sustancias psicoactivas. | H7: Secretaría de Movilidad | I7: Jairo Camacho Lara | J7: 1 | K7: 0 | L7: =EDUVIAL_2023[[#This Row],[HOMBRE]]+EDUVIAL_2023[[#This Row],[MUJER]] -> 1 | M7: 0 | N7: 0 | O7: 0 | P7: 0 | Q7: 0 | R7: 1 | S7: =EDUVIAL_2023[[#This Row],[PRIMERA INFANCIA (Hasta 5 años)]]+EDUVIAL_2023[[#This Row],[INFANCIA (6 a 11 años)]]+EDUVIAL_2023[[#This Row],[ADOLESCENCIA (12 años a 17 años)]]+EDUVIAL_2023[[#This Row],[ADULTOS-JÓVENES (18 años a 28 años)]]+EDUVIAL_2023[[#This Row],[PERSONAS MAYORES ( Mayores de 60 años)]]+EDUVIAL_2023[[#This Row],[ADULTOS (29 años a 60 años)]] -> 1 | T7: =EDUVIAL_2023[[#This Row],[TOTAL SEXO]] -> 1 | U7: Zona 9 | V7: Centro | W7: 6.169773013301722, -75.58747462568526 | X7: =EXACT(EDUVIAL_2023[[#This Row],[TOTAL SEXO]],EDUVIAL_2023[[#This Row],[TOTAL RANGOS]]) -> TRUE
A8: 45698 | B8: FEB | C8: Experiencias ciudadanas en movilidad sostenible y segura | D8: Conductores sancionados por embriaguez | E8: Orientación y seguimiento a labor comunitaria | F8: Jairo Gaviria | G8: Sensibilización en prevención de la conducción bajo los efectos del alcohol o sustancias psicoactivas. | H8: Secretaría de Movilidad | I8: Diego Alexander Renso | J8: 1 | K8: 0 | L8: =EDUVIAL_2023[[#This Row],[HOMBRE]]+EDUVIAL_2023[[#This Row],[MUJER]] -> 1 | M8: 0 | N8: 0 | O8: 0 | P8: 0 | Q8: 1 | R8: 0 | S8: =EDUVIAL_2023[[#This Row],[PRIMERA INFANCIA (Hasta 5 años)]]+EDUVIAL_2023[[#This Row],[INFANCIA (6 a 11 años)]]+EDUVIAL_2023[[#This Row],[ADOLESCENCIA (12 años a 17 años)]]+EDUVIAL_2023[[#This Row],[ADULTOS-JÓVENES (18 años a 28 años)]]+EDUVIAL_2023[[#This Row],[PERSONAS MAYORES ( Mayores de 60 años)]]+EDUVIAL_2023[[#This Row],[ADULTOS (29 años a 60 años)]] -> 1 | T8: =EDUVIAL_2023[[#This Row],[TOTAL SEXO]] -> 1 | U8: Zona 9 | V8: Centro | W8: 6.169773013301722, -75.58747462568526 | X8: =EXACT(EDUVIAL_2023[[#This Row],[TOTAL SEXO]],EDUVIAL_2023[[#This Row],[TOTAL RANGOS]]) -> TRUE
A9: 45698 | B9: FEB | C9: Experiencias ciudadanas en movilidad sostenible y segura | D9: Conductores sancionados por embriaguez | E9: Orientación y seguimiento a labor comunitaria | F9: Jairo Gaviria | G9: Sensibilización en prevención de la conducción bajo los efectos del alcohol o sustancias psicoactivas. | H9: Secretaría de Movilidad | I9: Juan David Hurtado | J9: 1 | K9: 0 | L9: =EDUVIAL_2023[[#This Row],[HOMBRE]]+EDUVIAL_2023[[#This Row],[MUJER]] -> 1 | M9: 0 | N9: 0 | O9: 0 | P9: 0 | Q9: 1 | R9: 0 | S9: =EDUVIAL_2023[[#This Row],[PRIMERA INFANCIA (Hasta 5 años)]]+EDUVIAL_2023[[#This Row],[INFANCIA (6 a 11 años)]]+EDUVIAL_2023[[#This Row],[ADOLESCENCIA (12 años a 17 años)]]+EDUVIAL_2023[[#This Row],[ADULTOS-JÓVENES (18 años a 28 años)]]+EDUVIAL_2023[[#This Row],[PERSONAS MAYORES ( Mayores de 60 años)]]+EDUVIAL_2023[[#This Row],[ADULTOS (29 años a 60 años)]] -> 1 | T9: =EDUVIAL_2023[[#This Row],[TOTAL SEXO]] -> 1 | U9: Zona 9 | V9: Centro | W9: 6.169773013301722, -75.58747462568526 | X9: =EXACT(EDUVIAL_2023[[#This Row],[TOTAL SEXO]],EDUVIAL_2023[[#This Row],[TOTAL RANGOS]]) -> TRUE
A10: 45698 | B10: FEB | C10: Educación vial en empresas | D10: Colaboradores de las diferentes dependencias de la Alcaldía | E10: Formación para el fortalecimiento de conocimientos, hábitos y comportamientos seguros | F10: Jairo Gaviria | G10: Recomendaciones de seguridad vial como conductores y acompañantes de motocicleta | H10: Secretaria de Gobierno | I10: Geovanny Perez | J10: 20 | K10: 4 | L10: =EDUVIAL_2023[[#This Row],[HOMBRE]]+EDUVIAL_2023[[#This Row],[MUJER]] -> 24 | M10: 0 | N10: 0 | O10: 0 | P10: 0 | Q10: 24 | R10: 0 | S10: =EDUVIAL_2023[[#This Row],[PRIMERA INFANCIA (Hasta 5 años)]]+EDUVIAL_2023[[#This Row],[INFANCIA (6 a 11 años)]]+EDUVIAL_2023[[#This Row],[ADOLESCENCIA (12 años a 17 años)]]+EDUVIAL_2023[[#This Row],[ADULTOS-JÓVENES (18 años a 28 años)]]+EDUVIAL_2023[[#This Row],[PERSONAS MAYORES ( Mayores de 60 años)]]+EDUVIAL_2023[[#This Row],[ADULTOS (29 años a 60 años)]] -> 24 | T10: =EDUVIAL_2023[[#This Row],[TOTAL SEXO]] -> 24 | U10: Zona 2 | V10: San Marcos | W10: 6.173125983893078, -75.58883704052495 | X10: =EXACT(EDUVIAL_2023[[#This Row],[TOTAL SEXO]],EDUVIAL_2023[[#This Row],[TOTAL RANGOS]]) -> TRUE
A11: 45699 | B11: FEB | C11: Educación vial en empresas | D11: Colaboradores de las diferentes dependencias de la Alcaldía | E11: Formación para el fortalecimiento de conocimientos, hábitos y comportamientos seguros | F11: Jairo Gaviria | G11: Reunion de planeacion de las diferentes intervenciones en educacion y seguridad vial para Amigos del Barrio y cuena | H11: Enviaseo | I11: Juan David Carmona | J11: 1 | K11: 0 | L11: =EDUVIAL_2023[[#This Row],[HOMBRE]]+EDUVIAL_2023[[#This Row],[MUJER]] -> 1 | M11: 0 | N11: 0 | O11: 0 | P11: 0 | Q11: 1 | R11: 0 | S11: =EDUVIAL_2023[[#This Row],[PRIMERA INFANCIA (Hasta 5 años)]]+EDUVIAL_2023[[#This Row],[INFANCIA (6 a 11 años)]]+EDUVIAL_2023[[#This Row],[ADOLESCENCIA (12 años a 17 años)]]+EDUVIAL_2023[[#This Row],[ADULTOS-JÓVENES (18 años a 28 años)]]+EDUVIAL_2023[[#This Row],[PERSONAS MAYORES ( Mayores de 60 años)]]+EDUVIAL_2023[[#This Row],[ADULTOS (29 años a 60 años)]] -> 1 | T11: =EDUVIAL_2023[[#This Row],[TOTAL SEXO]] -> 1 | U11: Zona 9 | V11: Centro | W11: 6.169773013301722, -75.58747462568526 | X11: =EXACT(EDUVIAL_2023[[#This Row],[TOTAL SEXO]],EDUVIAL_2023[[#This Row],[TOTAL RANGOS]]) -> TRUE
A12: 45700 | B12: FEB | C12: Experiencias ciudadanas en movilidad sostenible y segura | D12: Colaboradores de las diferentes dependencias de la Alcaldía | E12: Enviciescuela. Actividad experiencial en bicicleta | F12: Jairo Gaviria | G12: Reunion de planeacion de las actividades del programa de Enviciescuela con personal del INDER | H12: Secretaría de Movilidad | I12: Juan Pablo zorrilla | J12: 2 | K12: 0 | L12: =EDUVIAL_2023[[#This Row],[HOMBRE]]+EDUVIAL_2023[[#This Row],[MUJER]] -> 2 | M12: 0 | N12: 0 | O12: 0 | P12: 0 | Q12: 2 | R12: 0 | S12: =EDUVIAL_2023[[#This Row],[PRIMERA INFANCIA (Hasta 5 años)]]+EDUVIAL_2023[[#This Row],[INFANCIA (6 a 11 años)]]+EDUVIAL_2023[[#This Row],[ADOLESCENCIA (12 años a 17 años)]]+EDUVIAL_2023[[#This Row],[ADULTOS-JÓVENES (18 años a 28 años)]]+EDUVIAL_2023[[#This Row],[PERSONAS MAYORES ( Mayores de 60 años)]]+EDUVIAL_2023[[#This Row],[ADULTOS (29 años a 60 años)]] -> 2 | T12: =EDUVIAL_2023[[#This Row],[TOTAL SEXO]] -> 2 | U12: Zona 1 | V12: Las Vegas | W12: 6.165622783551734, -75.5992929118132 | X12: =EXACT(EDUVIAL_2023[[#This Row],[TOTAL SEXO]],EDUVIAL_2023[[#This Row],[TOTAL RANGOS]]) -> TRUE
A13: 45700 | B13: FEB | C13: Educación vial en instituciones educativas | D13: Docentes de primaria instituciones educativas | E13: Reunión de planeación para actividades | F13: Jairo Gaviria | G13: Reunion de planeacion de las actividades de educacion vial con docentes,padrs de familia y alumnos | H13: I.E JOSE MANUEL RESTREPO VELEZ - SEDE FERNANDO GONZALEZ | I13: Gloria Rojas | J13: 0 | K13: 1 | L13: =EDUVIAL_2023[[#This Row],[HOMBRE]]+EDUVIAL_2023[[#This Row],[MUJER]] -> 1 | M13: 0 | N13: 0 | O13: 0 | P13: 0 | Q13: 1 | R13: 0 | S13: =EDUVIAL_2023[[#This Row],[PRIMERA INFANCIA (Hasta 5 años)]]+EDUVIAL_2023[[#This Row],[INFANCIA (6 a 11 años)]]+EDUVIAL_2023[[#This Row],[ADOLESCENCIA (12 años a 17 años)]]+EDUVIAL_2023[[#This Row],[ADULTOS-JÓVENES (18 años a 28 años)]]+EDUVIAL_2023[[#This Row],[PERSONAS MAYORES ( Mayores de 60 años)]]+EDUVIAL_2023[[#This Row],[ADULTOS (29 años a 60 años)]] -> 1 | T13: =EDUVIAL_2023[[#This Row],[TOTAL SEXO]] -> 1 | U13: Zona 8 | V13: Alcalà | W13: =VLOOKUP(EDUVIAL_2023[[#This Row],[INSTITUCIÓN O EMPRESA]],LISTAS!$J$1:$M$81,2,0) -> 6.167664, -75.586311 | X13: =EXACT(EDUVIAL_2023[[#This Row],[TOTAL SEXO]],EDUVIAL_2023[[#This Row],[TOTAL RANGOS]]) -> TRUE
A14: 45701 | B14: FEB | C14: Educación vial en instituciones educativas | D14: Docentes de primaria instituciones educativas | E14: Reunión de planeación para actividades | F14: Jairo Gaviria | G14: Reunion de planeacion de las actividades de educacion vial con docentes,padrs de familia y alumnos | H14: I.E LA PAZ | I14: Wilmar Florez | J14: 1 | K14: 0 | L14: =EDUVIAL_2023[[#This Row],[HOMBRE]]+EDUVIAL_2023[[#This Row],[MUJER]] -> 1 | M14: 0 | N14: 0 | O14: 0 | P14: 0 | Q14: 1 | R14: 0 | S14: =EDUVIAL_2023[[#This Row],[PRIMERA INFANCIA (Hasta 5 años)]]+EDUVIAL_2023[[#This Row],[INFANCIA (6 a 11 años)]]+EDUVIAL_2023[[#This Row],[ADOLESCENCIA (12 años a 17 años)]]+EDUVIAL_2023[[#This Row],[ADULTOS-JÓVENES (18 años a 28 años)]]+EDUVIAL_2023[[#This Row],[PERSONAS MAYORES ( Mayores de 60 años)]]+EDUVIAL_2023[[#This Row],[ADULTOS (29 años a 60 años)]] -> 1 | T14: =EDUVIAL_2023[[#This Row],[TOTAL SEXO]] -> 1 | U14: =VLOOKUP(EDUVIAL_2023[[#This Row],[INSTITUCIÓN O EMPRESA]],LISTAS!$J$1:$M$81,3,0) -> Zona 7 | V14: =VLOOKUP(EDUVIAL_2023[[#This Row],[INSTITUCIÓN O EMPRESA]],LISTAS!$J$1:$M$81,4,0) -> La Paz | W14: =VLOOKUP(EDUVIAL_2023[[#This Row],[INSTITUCIÓN O EMPRESA]],LISTAS!$J$1:$M$81,2,0) -> 6.162272, -75.594035 | X14: =EXACT(EDUVIAL_2023[[#This Row],[TOTAL SEXO]],EDUVIAL_2023[[#This Row],[TOTAL RANGOS]]) -> TRUE
A15: 45701 | B15: FEB | C15: Educación vial en empresas | D15: Agente de Transito | E15: Sensibilizaciones en educación vial | F15: Daniel Ríos | G15: Recomendaciones de seguridad vial como conductores y acompañantes de motocicleta. | H15: Secretaría de Movilidad | I15: Alejandro Barco | J15: 1 | K15: 0 | L15: =EDUVIAL_2023[[#This Row],[HOMBRE]]+EDUVIAL_2023[[#This Row],[MUJER]] -> 1 | M15: 0 | N15: 0 | O15: 0 | P15: 0 | Q15: 1 | R15: 0 | S15: =EDUVIAL_2023[[#This Row],[PRIMERA INFANCIA (Hasta 5 años)]]+EDUVIAL_2023[[#This Row],[INFANCIA (6 a 11 años)]]+EDUVIAL_2023[[#This Row],[ADOLESCENCIA (12 años a 17 años)]]+EDUVIAL_2023[[#This Row],[ADULTOS-JÓVENES (18 años a 28 años)]]+EDUVIAL_2023[[#This Row],[PERSONAS MAYORES ( Mayores de 60 años)]]+EDUVIAL_2023[[#This Row],[ADULTOS (29 años a 60 años)]] -> 1 | T15: =EDUVIAL_2023[[#This Row],[TOTAL SEXO]] -> 1 | U15: Zona 9 | V15: Centro | W15: 6.169773013301722, -75.58747462568526 | X15: =EXACT(EDUVIAL_2023[[#This Row],[TOTAL SEXO]],EDUVIAL_2023[[#This Row],[TOTAL RANGOS]]) -> TRUE
A16: 45701 | B16: FEB | C16: Educación vial en empresas | D16: Agente de Transito | E16: Sensibilizaciones en educación vial | F16: Daniel Ríos | G16: Recomendaciones de seguridad vial como conductores y acompañantes de motocicleta. | H16: Secretaría de Movilidad | I16: Brenda Cepeda | J16: 0 | K16: 1 | L16: =EDUVIAL_2023[[#This Row],[HOMBRE]]+EDUVIAL_2023[[#This Row],[MUJER]] -> 1 | M16: 0 | N16: 0 | O16: 0 | P16: 0 | Q16: 1 | R16: 0 | S16: =EDUVIAL_2023[[#This Row],[PRIMERA INFANCIA (Hasta 5 años)]]+EDUVIAL_2023[[#This Row],[INFANCIA (6 a 11 años)]]+EDUVIAL_2023[[#This Row],[ADOLESCENCIA (12 años a 17 años)]]+EDUVIAL_2023[[#This Row],[ADULTOS-JÓVENES (18 años a 28 años)]]+EDUVIAL_2023[[#This Row],[PERSONAS MAYORES ( Mayores de 60 años)]]+EDUVIAL_2023[[#This Row],[ADULTOS (29 años a 60 años)]] -> 1 | T16: =EDUVIAL_2023[[#This Row],[TOTAL SEXO]] -> 1 | U16: Zona 9 | V16: Centro | W16: 6.169773013301722, -75.58747462568526 | X16: =EXACT(EDUVIAL_2023[[#This Row],[TOTAL SEXO]],EDUVIAL_2023[[#This Row],[TOTAL RANGOS]]) -> TRUE
A17: 45705 | B17: FEB | C17: Educación vial en instituciones educativas | D17: Docentes de primaria instituciones educativas | E17: Formación para el fortalecimiento de conocimientos, hábitos y comportamientos seguros | F17: Jairo Gaviria | G17: Taller transversalidad de las areas del conocimiento con movilidad | H17: I.E COMERCIAL DE ENVIGADO - SEDE PIO XII | I17: Samira Fonseca | J17: 1 | K17: 10 | L17: =EDUVIAL_2023[[#This Row],[HOMBRE]]+EDUVIAL_2023[[#This Row],[MUJER]] -> 11 | M17: 0 | N17: 0 | O17: 0 | P17: 0 | Q17: 9 | R17: 2 | S17: =EDUVIAL_2023[[#This Row],[PRIMERA INFANCIA (Hasta 5 años)]]+EDUVIAL_2023[[#This Row],[INFANCIA (6 a 11 años)]]+EDUVIAL_2023[[#This Row],[ADOLESCENCIA (12 años a 17 años)]]+EDUVIAL_2023[[#This Row],[ADULTOS-JÓVENES (18 años a 28 años)]]+EDUVIAL_2023[[#This Row],[PERSONAS MAYORES ( Mayores de 60 años)]]+EDUVIAL_2023[[#This Row],[ADULTOS (29 años a 60 años)]] -> 11 | T17: =EDUVIAL_2023[[#This Row],[TOTAL SEXO]] -> 11 | U17: =VLOOKUP(EDUVIAL_2023[[#This Row],[INSTITUCIÓN O EMPRESA]],LISTAS!$J$1:$M$81,3,0) -> Zona 9 | V17: =VLOOKUP(EDUVIAL_2023[[#This Row],[INSTITUCIÓN O EMPRESA]],LISTAS!$J$1:$M$81,4,0) -> Barrio Mesa | W17: =VLOOKUP(EDUVIAL_2023[[#This Row],[INSTITUCIÓN O EMPRESA]],LISTAS!$J$1:$M$81,2,0) -> 6.165319, -75.581362 | X17: =EXACT(EDUVIAL_2023[[#This Row],[TOTAL SEXO]],EDUVIAL_2023[[#This Row],[TOTAL RANGOS]]) -> TRUE
A18: 45706 | B18: FEB | C18: Educación vial en instituciones educativas | D18: Docentes de secundaria instituciones educativas | E18: Formación para el fortalecimiento de conocimientos, hábitos y comportamientos seguros | F18: Jairo Gaviria | G18: Reunion de planeacion de las actividades de educacion vial con docentes,padrs de familia y alumnos | H18: I.E JOSE MANUEL RESTREPO VELEZ | I18: Bairon Sepulveda | J18: 2 | K18: 4 | L18: =EDUVIAL_2023[[#This Row],[HOMBRE]]+EDUVIAL_2023[[#This Row],[MUJER]] -> 6 | M18: 0 | N18: 0 | O18: 0 | P18: 0 | Q18: 6 | R18: 0 | S18: =EDUVIAL_2023[[#This Row],[PRIMERA INFANCIA (Hasta 5 años)]]+EDUVIAL_2023[[#This Row],[INFANCIA (6 a 11 años)]]+EDUVIAL_2023[[#This Row],[ADOLESCENCIA (12 años a 17 años)]]+EDUVIAL_2023[[#This Row],[ADULTOS-JÓVENES (18 años a 28 años)]]+EDUVIAL_2023[[#This Row],[PERSONAS MAYORES ( Mayores de 60 años)]]+EDUVIAL_2023[[#This Row],[ADULTOS (29 años a 60 años)]] -> 6 | T18: =EDUVIAL_2023[[#This Row],[TOTAL SEXO]] -> 6 | U18: =VLOOKUP(EDUVIAL_2023[[#This Row],[INSTITUCIÓN O EMPRESA]],LISTAS!$J$1:$M$81,3,0) -> Zona 8 | V18: Alcalà | W18: =VLOOKUP(EDUVIAL_2023[[#This Row],[INSTITUCIÓN O EMPRESA]],LISTAS!$J$1:$M$81,2,0) -> 6.171594, -75.591214 | X18: =EXACT(EDUVIAL_2023[[#This Row],[TOTAL SEXO]],EDUVIAL_2023[[#This Row],[TOTAL RANGOS]]) -> TRUE
A19: 45706 | B19: FEB | C19: Educación vial en instituciones educativas | D19: Empleados de empresas comerciales y de servicios del municipio | F19: Jairo Gaviria | G19: Reunion de planeacion de seguimiento a los PME de las diferentes instituciones educativas del municipio | H19: Secretaria de Educacion | I19: Veronica Usuga | J19: 0 | K19: 1 | L19: =EDUVIAL_2023[[#This Row],[HOMBRE]]+EDUVIAL_2023[[#This Row],[MUJER]] -> 1 | M19: 0 | N19: 0 | O19: 0 | P19: 0 | Q19: 1 | R19: 0 | S19: =EDUVIAL_2023[[#This Row],[PRIMERA INFANCIA (Hasta 5 años)]]+EDUVIAL_2023[[#This Row],[INFANCIA (6 a 11 años)]]+EDUVIAL_2023[[#This Row],[ADOLESCENCIA (12 años a 17 años)]]+EDUVIAL_2023[[#This Row],[ADULTOS-JÓVENES (18 años a 28 años)]]+EDUVIAL_2023[[#This Row],[PERSONAS MAYORES ( Mayores de 60 años)]]+EDUVIAL_2023[[#This Row],[ADULTOS (29 años a 60 años)]] -> 1 | T19: =EDUVIAL_2023[[#This Row],[TOTAL SEXO]] -> 1 | U19: Zona 8 | V19: Alcalà | W19: 6.171594, -75.591214 | X19: =EXACT(EDUVIAL_2023[[#This Row],[TOTAL SEXO]],EDUVIAL_2023[[#This Row],[TOTAL RANGOS]]) -> TRUE
A20: 45707 | B20: FEB | C20: Educación vial en empresas | D20: Empleados de empresas comerciales y de servicios del municipio | E20: Formación en funciones de auxiliar de tránsito | F20: Jairo Gaviria | G20: Reunion de planeacion de las actividades de formacion para el personal de cuencas | H20: ENVIASEO | I20: Juan Carlos Carmona | J20: 2 | K20: 0 | L20: =EDUVIAL_2023[[#This Row],[HOMBRE]]+EDUVIAL_2023[[#This Row],[MUJER]] -> 2 | M20: 0 | N20: 0 | O20: 0 | P20: 0 | Q20: 2 | R20: 0 | S20: =EDUVIAL_2023[[#This Row],[PRIMERA INFANCIA (Hasta 5 años)]]+EDUVIAL_2023[[#This Row],[INFANCIA (6 a 11 años)]]+EDUVIAL_2023[[#This Row],[ADOLESCENCIA (12 años a 17 años)]]+EDUVIAL_2023[[#This Row],[ADULTOS-JÓVENES (18 años a 28 años)]]+EDUVIAL_2023[[#This Row],[PERSONAS MAYORES ( Mayores de 60 años)]]+EDUVIAL_2023[[#This Row],[ADULTOS (29 años a 60 años)]] -> 2 | T20: =EDUVIAL_2023[[#This Row],[TOTAL SEXO]] -> 2 | U20: Zona 9 | V20: Centro | W20: 6.168450558868997, -75.5896412723252 | X20: =EXACT(EDUVIAL_2023[[#This Row],[TOTAL SEXO]],EDUVIAL_2023[[#This Row],[TOTAL RANGOS]]) -> TRUE
A21: 45707 | B21: FEB | C21: Educación vial en instituciones educativas | D21: Docentes de primaria instituciones educativas | E21: Formación para el fortalecimiento de conocimientos, hábitos y comportamientos seguros | F21: Jairo Gaviria | G21: Reunion de planeacion de las actividades de educacion vial con docentes,padrs de familia y alumnos | H21: I.E ALEJANDRO VELEZ BARRIENTOS | I21: Ligia Chacon | J21: 0 | K21: 1 | L21: =EDUVIAL_2023[[#This Row],[HOMBRE]]+EDUVIAL_2023[[#This Row],[MUJER]] -> 1 | M21: 0 | N21: 0 | O21: 0 | P21: 0 | Q21: 1 | R21: 0 | S21: =EDUVIAL_2023[[#This Row],[PRIMERA INFANCIA (Hasta 5 años)]]+EDUVIAL_2023[[#This Row],[INFANCIA (6 a 11 años)]]+EDUVIAL_2023[[#This Row],[ADOLESCENCIA (12 años a 17 años)]]+EDUVIAL_2023[[#This Row],[ADULTOS-JÓVENES (18 años a 28 años)]]+EDUVIAL_2023[[#This Row],[PERSONAS MAYORES ( Mayores de 60 años)]]+EDUVIAL_2023[[#This Row],[ADULTOS (29 años a 60 años)]] -> 1 | T21: =EDUVIAL_2023[[#This Row],[TOTAL SEXO]] -> 1 | U21: Zona 8 | V21: Alcalà | W21: 6.170070, -75.592298 | X21: =EXACT(EDUVIAL_2023[[#This Row],[TOTAL SEXO]],EDUVIAL_2023[[#This Row],[TOTAL RANGOS]]) -> TRUE
A22: 45709 | B22: FEB | C22: Educación vial en instituciones educativas | D22: Padres de familia | E22: Formación para el fortalecimiento de conocimientos, hábitos y comportamientos seguros | F22: Jairo Gaviria | G22: Capacitacion Humanizando la Movilidad | H22: I.E COMERCIAL DE ENVIGADO - SEDE PIO XII | I22: Samira Fonseca | J22: 8 | K22: 20 | L22: =EDUVIAL_2023[[#This Row],[HOMBRE]]+EDUVIAL_2023[[#This Row],[MUJER]] -> 28 | M22: 0 | N22: 0 | O22: 0 | P22: 4 | Q22: 24 | R22: 0 | S22: =EDUVIAL_2023[[#This Row],[PRIMERA INFANCIA (Hasta 5 años)]]+EDUVIAL_2023[[#This Row],[INFANCIA (6 a 11 años)]]+EDUVIAL_2023[[#This Row],[ADOLESCENCIA (12 años a 17 años)]]+EDUVIAL_2023[[#This Row],[ADULTOS-JÓVENES (18 años a 28 años)]]+EDUVIAL_2023[[#This Row],[PERSONAS MAYORES ( Mayores de 60 años)]]+EDUVIAL_2023[[#This Row],[ADULTOS (29 años a 60 años)]] -> 28 | T22: =EDUVIAL_2023[[#This Row],[TOTAL SEXO]] -> 28 | U22: =VLOOKUP(EDUVIAL_2023[[#This Row],[INSTITUCIÓN O EMPRESA]],LISTAS!$J$1:$M$81,3,0) -> Zona 9 | V22: =VLOOKUP(EDUVIAL_2023[[#This Row],[INSTITUCIÓN O EMPRESA]],LISTAS!$J$1:$M$81,4,0) -> Barrio Mesa | W22: =VLOOKUP(EDUVIAL_2023[[#This Row],[INSTITUCIÓN O EMPRESA]],LISTAS!$J$1:$M$81,2,0) -> 6.165319, -75.581362 | X22: =EXACT(EDUVIAL_2023[[#This Row],[TOTAL SEXO]],EDUVIAL_2023[[#This Row],[TOTAL RANGOS]]) -> TRUE
A23: 45710 | B23: FEB | C23: Educación vial en empresas | D23: Colaboradores de las diferentes dependencias de la Alcaldía | E23: Formación para el fortalecimiento de conocimientos, hábitos y comportamientos seguros | F23: Jairo Gaviria | G23: Capacitacion humanizando la Movilidad, manejo y control de la circulaciuon de vehiculos | H23: INDER | I23: Juan Pablo Agudelo | J23: 8 | K23: 12 | L23: =EDUVIAL_2023[[#This Row],[HOMBRE]]+EDUVIAL_2023[[#This Row],[MUJER]] -> 20 | M23: 0 | N23: 0 | O23: 0 | P23: 8 | Q23: 12 | R23: 0 | S23: =EDUVIAL_2023[[#This Row],[PRIMERA INFANCIA (Hasta 5 años)]]+EDUVIAL_2023[[#This Row],[INFANCIA (6 a 11 años)]]+EDUVIAL_2023[[#This Row],[ADOLESCENCIA (12 años a 17 años)]]+EDUVIAL_2023[[#This Row],[ADULTOS-JÓVENES (18 años a 28 años)]]+EDUVIAL_2023[[#This Row],[PERSONAS MAYORES ( Mayores de 60 años)]]+EDUVIAL_2023[[#This Row],[ADULTOS (29 años a 60 años)]] -> 20 | T23: =EDUVIAL_2023[[#This Row],[TOTAL SEXO]] -> 20 | U23: Zona 9 | V23: Centro | W23: 6.168450558868997, -75.5896412723252 | X23: =EXACT(EDUVIAL_2023[[#This Row],[TOTAL SEXO]],EDUVIAL_2023[[#This Row],[TOTAL RANGOS]]) -> TRUE
A24: 45709 | B24: FEB | C24: Patrulla de Tránsito | D24: Padres de familia | E24: Formación para el fortalecimiento de conocimientos, hábitos y comportamientos seguros | F24: Jairo Gaviria | G24: Taller de crecimiento personal. | H24: Secretaría de Movilidad | I24: Jairo Gaviria | J24: 5 | K24: 25 | L24: =EDUVIAL_2023[[#This Row],[HOMBRE]]+EDUVIAL_2023[[#This Row],[MUJER]] -> 30 | M24: 0 | N24: 0 | O24: 0 | P24: 0 | Q24: 30 | R24: 0 | S24: =EDUVIAL_2023[[#This Row],[PRIMERA INFANCIA (Hasta 5 años)]]+EDUVIAL_2023[[#This Row],[INFANCIA (6 a 11 años)]]+EDUVIAL_2023[[#This Row],[ADOLESCENCIA (12 años a 17 años)]]+EDUVIAL_2023[[#This Row],[ADULTOS-JÓVENES (18 años a 28 años)]]+EDUVIAL_2023[[#This Row],[PERSONAS MAYORES ( Mayores de 60 años)]]+EDUVIAL_2023[[#This Row],[ADULTOS (29 años a 60 años)]] -> 30 | T24: =T20 -> 2 | U24: Zona 9 | V24: Los Naranjos | W24: 6.169505127932036, -75.58258243619996 | X24: =EXACT(EDUVIAL_2023[[#This Row],[TOTAL SEXO]],EDUVIAL_2023[[#This Row],[TOTAL RANGOS]]) -> TRUE
A25: 45712 | B25: FEB | C25: Experiencias ciudadanas en movilidad sostenible y segura | D25: Conductores sancionados por embriaguez | E25: Orientación y seguimiento a labor comunitaria | F25: Daniel Ríos | G25: Sensibilización en prevención de la conducción bajo los efectos del alcohol o sustancias psicoactivas. | H25: Secretaría de Movilidad | I25: Alejandro Guzman Duque | J25: 1 | L25: =EDUVIAL_2023[[#This Row],[HOMBRE]]+EDUVIAL_2023[[#This Row],[MUJER]] -> 1 | M25: 0 | N25: 0 | O25: 0 | P25: 0 | Q25: 1 | R25: 0 | S25: =EDUVIAL_2023[[#This Row],[PRIMERA INFANCIA (Hasta 5 años)]]+EDUVIAL_2023[[#This Row],[INFANCIA (6 a 11 años)]]+EDUVIAL_2023[[#This Row],[ADOLESCENCIA (12 años a 17 años)]]+EDUVIAL_2023[[#This Row],[ADULTOS-JÓVENES (18 años a 28 años)]]+EDUVIAL_2023[[#This Row],[PERSONAS MAYORES ( Mayores de 60 años)]]+EDUVIAL_2023[[#This Row],[ADULTOS (29 años a 60 años)]] -> 1 | T25: =EDUVIAL_2023[[#This Row],[TOTAL SEXO]] -> 1 | U25: Zona 9 | V25: Centro | W25: 6.168450558868997, -75.5896412723252 | X25: =EXACT(EDUVIAL_2023[[#This Row],[TOTAL SEXO]],EDUVIAL_2023[[#This Row],[TOTAL RANGOS]]) -> TRUE
A26: 45713 | B26: FEB | C26: Educación vial en empresas | D26: Colaboradores de diferentes dependeancias de la alcaldia | E26: Formación para el fortalecimiento de conocimientos, hábitos y comportamientos seguros | F26: Jairo Gaviria | G26: Capacitacion humanizando la Movilidad al personal de ambien-servicios manejo y control de la circulaciuon de vehiculos | H26: ENVIASEO | I26: Juan Carlos Carmona | J26: 46 | K26: 4 | L26: =EDUVIAL_2023[[#This Row],[HOMBRE]]+EDUVIAL_2023[[#This Row],[MUJER]] -> 50 | M26: 0 | N26: 0 | O26: 0 | P26: 0 | Q26: 50 | R26: 0 | S26: =EDUVIAL_2023[[#This Row],[PRIMERA INFANCIA (Hasta 5 años)]]+EDUVIAL_2023[[#This Row],[INFANCIA (6 a 11 años)]]+EDUVIAL_2023[[#This Row],[ADOLESCENCIA (12 años a 17 años)]]+EDUVIAL_2023[[#This Row],[ADULTOS-JÓVENES (18 años a 28 años)]]+EDUVIAL_2023[[#This Row],[PERSONAS MAYORES ( Mayores de 60 años)]]+EDUVIAL_2023[[#This Row],[ADULTOS (29 años a 60 años)]] -> 50 | T26: =EDUVIAL_2023[[#This Row],[TOTAL SEXO]] -> 50 | U26: Zona 8 | V26: Alcalà | W26: 6.170816056852942, -75.59078118374059 | X26: =EXACT(EDUVIAL_2023[[#This Row],[TOTAL SEXO]],EDUVIAL_2023[[#This Row],[TOTAL RANGOS]]) -> TRUE
A27: 45713 | B27: FEB | C27: Educación vial en empresas | D27: Colaboradores de diferentes dependeancias de la alcaldia | E27: Formación para el fortalecimiento de conocimientos, hábitos y comportamientos seguros | F27: Daniel Ríos | G27: Capacitacion humanizando la Movilidad, manejo y control de la circulaciuon de vehiculos, Recomendaciones movilidad segura. | H27: Secretaría de Movilidad | I27: Giovany Perez | J27: 9 | K27: 1 | L27: =EDUVIAL_2023[[#This Row],[HOMBRE]]+EDUVIAL_2023[[#This Row],[MUJER]] -> 10 | M27: 0 | N27: 0 | O27: 0 | P27: 0 | Q27: 10 | R27: 0 | S27: =EDUVIAL_2023[[#This Row],[PRIMERA INFANCIA (Hasta 5 años)]]+EDUVIAL_2023[[#This Row],[INFANCIA (6 a 11 años)]]+EDUVIAL_2023[[#This Row],[ADOLESCENCIA (12 años a 17 años)]]+EDUVIAL_2023[[#This Row],[ADULTOS-JÓVENES (18 años a 28 años)]]+EDUVIAL_2023[[#This Row],[PERSONAS MAYORES ( Mayores de 60 años)]]+EDUVIAL_2023[[#This Row],[ADULTOS (29 años a 60 años)]] -> 10 | T27: =EDUVIAL_2023[[#This Row],[TOTAL SEXO]] -> 10 | U27: Zona 9 | V27: Centro | W27: 6.168450558868997, -75.5896412723252 | X27: =EXACT(EDUVIAL_2023[[#This Row],[TOTAL SEXO]],EDUVIAL_2023[[#This Row],[TOTAL RANGOS]]) -> TRUE
A28: 45713 | B28: FEB | C28: Educación vial en instituciones educativas | D28: Docentes de primaria instituciones educativas | E28: Formación para el fortalecimiento de conocimientos, hábitos y comportamientos seguros | F28: Daniel Ríos | G28: Taller transversalidad de las areas del conocimiento con movilidad | H28: I.E JOSE MANUEL RESTREPO VELEZ | I28: Bairon Sepulveda | J28: 9 | K28: 13 | L28: =EDUVIAL_2023[[#This Row],[HOMBRE]]+EDUVIAL_2023[[#This Row],[MUJER]] -> 22 | M28: 0 | N28: 0 | O28: 0 | P28: 0 | Q28: 22 | R28: 0 | S28: =EDUVIAL_2023[[#This Row],[PRIMERA INFANCIA (Hasta 5 años)]]+EDUVIAL_2023[[#This Row],[INFANCIA (6 a 11 años)]]+EDUVIAL_2023[[#This Row],[ADOLESCENCIA (12 años a 17 años)]]+EDUVIAL_2023[[#This Row],[ADULTOS-JÓVENES (18 años a 28 años)]]+EDUVIAL_2023[[#This Row],[PERSONAS MAYORES ( Mayores de 60 años)]]+EDUVIAL_2023[[#This Row],[ADULTOS (29 años a 60 años)]] -> 22 | T28: =EDUVIAL_2023[[#This Row],[TOTAL SEXO]] -> 22 | U28: =VLOOKUP(EDUVIAL_2023[[#This Row],[INSTITUCIÓN O EMPRESA]],LISTAS!$J$1:$M$81,3,0) -> Zona 8 | V28: Alcalà | W28: =VLOOKUP(EDUVIAL_2023[[#This Row],[INSTITUCIÓN O EMPRESA]],LISTAS!$J$1:$M$81,2,0) -> 6.171594, -75.591214 | X28: =EXACT(EDUVIAL_2023[[#This Row],[TOTAL SEXO]],EDUVIAL_2023[[#This Row],[TOTAL RANGOS]]) -> TRUE
A29: 45715 | B29: FEB | C29: Educación vial en empresas | D29: Colaboradores de las diferentes dependencias de la Alcaldía | E29: Formación para el fortalecimiento de conocimientos, hábitos y comportamientos seguros | F29: Daniel Ríos | G29: Capacitacion humanizando la Movilidad, manejo y control de la circulaciuon de vehiculos, Recomendaciones movilidad segura. | H29: ENVIASEO | I29: Juan carlos Carmona | J29: 3 | K29: 4 | L29: =EDUVIAL_2023[[#This Row],[HOMBRE]]+EDUVIAL_2023[[#This Row],[MUJER]] -> 7 | M29: 0 | N29: 0 | O29: 0 | P29: 0 | Q29: 7 | R29: 0 | S29: =EDUVIAL_2023[[#This Row],[PRIMERA INFANCIA (Hasta 5 años)]]+EDUVIAL_2023[[#This Row],[INFANCIA (6 a 11 años)]]+EDUVIAL_2023[[#This Row],[ADOLESCENCIA (12 años a 17 años)]]+EDUVIAL_2023[[#This Row],[ADULTOS-JÓVENES (18 años a 28 años)]]+EDUVIAL_2023[[#This Row],[PERSONAS MAYORES ( Mayores de 60 años)]]+EDUVIAL_2023[[#This Row],[ADULTOS (29 años a 60 años)]] -> 7 | T29: =EDUVIAL_2023[[#This Row],[TOTAL SEXO]] -> 7 | U29: Zona 9 | V29: Centro | W29: 6.167664, -75.586311 | X29: =EXACT(EDUVIAL_2023[[#This Row],[TOTAL SEXO]],EDUVIAL_2023[[#This Row],[TOTAL RANGOS]]) -> TRUE
A30: 45716 | B30: FEB | C30: Educación vial en instituciones educativas | D30: Docentes de secundaria instituciones educativas | E30: Reunión de planeación para actividades | F30: Jairo Gaviria | G30: Reunion de planeacion de las actividades de educacion vial con docentes,padrs de familia y alumnos | H30: I.E LAS PALMAS | I30: Jorge marulanda | J30: 1 | K30: 1 | L30: =EDUVIAL_2023[[#This Row],[HOMBRE]]+EDUVIAL_2023[[#This Row],[MUJER]] -> 2 | M30: 0 | N30: 0 | O30: 0 | P30: 0 | Q30: 2 | R30: 0 | S30: =EDUVIAL_2023[[#This Row],[PRIMERA INFANCIA (Hasta 5 años)]]+EDUVIAL_2023[[#This Row],[INFANCIA (6 a 11 años)]]+EDUVIAL_2023[[#This Row],[ADOLESCENCIA (12 años a 17 años)]]+EDUVIAL_2023[[#This Row],[ADULTOS-JÓVENES (18 años a 28 años)]]+EDUVIAL_2023[[#This Row],[PERSONAS MAYORES ( Mayores de 60 años)]]+EDUVIAL_2023[[#This Row],[ADULTOS (29 años a 60 años)]] -> 2 | T30: =EDUVIAL_2023[[#This Row],[TOTAL SEXO]] -> 2 | U30: =VLOOKUP(EDUVIAL_2023[[#This Row],[INSTITUCIÓN O EMPRESA]],LISTAS!$J$1:$M$81,3,0) -> Zona 12 | V30: =VLOOKUP(EDUVIAL_2023[[#This Row],[INSTITUCIÓN O EMPRESA]],LISTAS!$J$1:$M$81,4,0) -> Vereda Las Palmas | W30: =VLOOKUP(EDUVIAL_2023[[#This Row],[INSTITUCIÓN O EMPRESA]],LISTAS!$J$1:$M$81,2,0) -> 6.151222, -75.533765 | X30: =EXACT(EDUVIAL_2023[[#This Row],[TOTAL SEXO]],EDUVIAL_2023[[#This Row],[TOTAL RANGOS]]) -> TRUE
A31: 45720 | B31: MAR | C31: Acciones Por La Vida - ANSV | D31: Motociclistas | E31: Acciones por la vida para motociclistas ANSV | F31: Daniel Ríos | G31: Desarrollar actividades pedagógicas y artísticas en vía para mitigar conductas de riesgo que están asociadas a los siniestros viales | H31: Agencia Nacional de Seguridad Vial | I31: Joyce Velez | J31: 87 | K31: 15 | L31: =EDUVIAL_2023[[#This Row],[HOMBRE]]+EDUVIAL_2023[[#This Row],[MUJER]] -> 102 | M31: 0 | N31: 0 | O31: 0 | P31: 26 | Q31: 66 | R31: 10 | S31: =EDUVIAL_2023[[#This Row],[PRIMERA INFANCIA (Hasta 5 años)]]+EDUVIAL_2023[[#This Row],[INFANCIA (6 a 11 años)]]+EDUVIAL_2023[[#This Row],[ADOLESCENCIA (12 años a 17 años)]]+EDUVIAL_2023[[#This Row],[ADULTOS-JÓVENES (18 años a 28 años)]]+EDUVIAL_2023[[#This Row],[PERSONAS MAYORES ( Mayores de 60 años)]]+EDUVIAL_2023[[#This Row],[ADULTOS (29 años a 60 años)]] -> 102 | T31: =EDUVIAL_2023[[#This Row],[TOTAL SEXO]] -> 102 | U31: Zona 9 | V31: Centro | W31: 6.167664, -75.586311 | X31: =EXACT(EDUVIAL_2023[[#This Row],[TOTAL SEXO]],EDUVIAL_2023[[#This Row],[TOTAL RANGOS]]) -> TRUE
A32: 45721 | B32: MAR | C32: Experiencias ciudadanas en movilidad sostenible y segura | D32: Conductores sancionados por embriaguez | E32: Orientación y seguimiento a labor comunitaria | F32: Jairo Gaviria | G32: Sensibilización en prevención de la conducción bajo los efectos del alcohol o sustancias psicoactivas. | H32: Secretaría de Movilidad | I32: Maria Piedad Arango V. | J32: 0 | K32: 1 | L32: =EDUVIAL_2023[[#This Row],[HOMBRE]]+EDUVIAL_2023[[#This Row],[MUJER]] -> 1 | M32: 0 | N32: 0 | O32: 0 | P32: 0 | Q32: 1 | R32: 0 | S32: =EDUVIAL_2023[[#This Row],[PRIMERA INFANCIA (Hasta 5 años)]]+EDUVIAL_2023[[#This Row],[INFANCIA (6 a 11 años)]]+EDUVIAL_2023[[#This Row],[ADOLESCENCIA (12 años a 17 años)]]+EDUVIAL_2023[[#This Row],[ADULTOS-JÓVENES (18 años a 28 años)]]+EDUVIAL_2023[[#This Row],[PERSONAS MAYORES ( Mayores de 60 años)]]+EDUVIAL_2023[[#This Row],[ADULTOS (29 años a 60 años)]] -> 1 | T32: =EDUVIAL_2023[[#This Row],[TOTAL SEXO]] -> 1 | U32: Zona 9 | V32: Centro | W32: 6.167664, -75.586311 | X32: =EXACT(EDUVIAL_2023[[#This Row],[TOTAL SEXO]],EDUVIAL_2023[[#This Row],[TOTAL RANGOS]]) -> TRUE
A33: 45722 | B33: MAR | C33: Acciones por la vida - ANSV | D33: Motociclistas | E33: Acciones por la vida para motociclistas ANSV | F33: Daniel Ríos | G33: Desarrollar actividades pedagógicas y artísticas en vía para mitigar conductas de riesgo que están asociadas a los siniestros viales | H33: Agencia Nacional de Seguridad Vial | I33: Joyce Velez | J33: 50 | K33: 9 | L33: =EDUVIAL_2023[[#This Row],[HOMBRE]]+EDUVIAL_2023[[#This Row],[MUJER]] -> 59 | M33: 0 | N33: 0 | O33: 0 | P33: 14 | Q33: 42 | R33: 3 | S33: =EDUVIAL_2023[[#This Row],[PRIMERA INFANCIA (Hasta 5 años)]]+EDUVIAL_2023[[#This Row],[INFANCIA (6 a 11 años)]]+EDUVIAL_2023[[#This Row],[ADOLESCENCIA (12 años a 17 años)]]+EDUVIAL_2023[[#This Row],[ADULTOS-JÓVENES (18 años a 28 años)]]+EDUVIAL_2023[[#This Row],[PERSONAS MAYORES ( Mayores de 60 años)]]+EDUVIAL_2023[[#This Row],[ADULTOS (29 años a 60 años)]] -> 59 | T33: =EDUVIAL_2023[[#This Row],[TOTAL SEXO]] -> 59 | U33: Zona 9 | V33: Centro | W33: 6.167664, -75.586311 | X33: =EXACT(EDUVIAL_2023[[#This Row],[TOTAL SEXO]],EDUVIAL_2023[[#This Row],[TOTAL RANGOS]]) -> TRUE
A34: 45725 | B34: MAR | C34: Experiencias ciudadanas en movilidad sostenible y segura | D34: Ciclistas | E34: Enviciescuela. Actividad experiencial en bicicleta | F34: Jairo Gaviria | G34: Apoyo en la celebracion del dia internacional de la ciclovia con el programa de ENVICIESCUELA | H34: Inder | I34: Juan pablo Agude Zorrilla | J34: 10 | K34: 9 | L34: =EDUVIAL_2023[[#This Row],[HOMBRE]]+EDUVIAL_2023[[#This Row],[MUJER]] -> 19 | M34: 2 | N34: 0 | O34: 8 | P34: 0 | Q34: 9 | R34: 0 | S34: =EDUVIAL_2023[[#This Row],[PRIMERA INFANCIA (Hasta 5 años)]]+EDUVIAL_2023[[#This Row],[INFANCIA (6 a 11 años)]]+EDUVIAL_2023[[#This Row],[ADOLESCENCIA (12 años a 17 años)]]+EDUVIAL_2023[[#This Row],[ADULTOS-JÓVENES (18 años a 28 años)]]+EDUVIAL_2023[[#This Row],[PERSONAS MAYORES ( Mayores de 60 años)]]+EDUVIAL_2023[[#This Row],[ADULTOS (29 años a 60 años)]] -> 19 | T34: =EDUVIAL_2023[[#This Row],[TOTAL SEXO]] -> 19 | U34: Zona 1 | V34: Las Vegas | W34: 6.165622783551734, -75.5992929118132 | X34: =EXACT(EDUVIAL_2023[[#This Row],[TOTAL SEXO]],EDUVIAL_2023[[#This Row],[TOTAL RANGOS]]) -> TRUE
A35: 45726 | B35: MAR | C35: Educación vial en instituciones educativas | D35: Padres de familia | E35: Sensibilización en movilidad sostenible y segura | F35: Jairo Gaviria | G35: Capacitacion en educacion y seguridad vial con la capacitacion humanizando la movilidad a un grupo de padres | H35: CENTRO EDUCATIVO LA GACELA | I35: Angela Gomez | J35: 4 | K35: 5 | L35: =EDUVIAL_2023[[#This Row],[HOMBRE]]+EDUVIAL_2023[[#This Row],[MUJER]] -> 9 | M35: 0 | N35: 0 | O35: 0 | P35: 1 | Q35: 7 | R35: 1 | S35: =EDUVIAL_2023[[#This Row],[PRIMERA INFANCIA (Hasta 5 años)]]+EDUVIAL_2023[[#This Row],[INFANCIA (6 a 11 años)]]+EDUVIAL_2023[[#This Row],[ADOLESCENCIA (12 años a 17 años)]]+EDUVIAL_2023[[#This Row],[ADULTOS-JÓVENES (18 años a 28 años)]]+EDUVIAL_2023[[#This Row],[PERSONAS MAYORES ( Mayores de 60 años)]]+EDUVIAL_2023[[#This Row],[ADULTOS (29 años a 60 años)]] -> 9 | T35: =EDUVIAL_2023[[#This Row],[TOTAL SEXO]] -> 9 | U35: Zona 7 | V35: Alto de las Flores | W35: 6.15584144850407, -75.60075331324106 | X35: =EXACT(EDUVIAL_2023[[#This Row],[TOTAL SEXO]],EDUVIAL_2023[[#This Row],[TOTAL RANGOS]]) -> TRUE
A36: 45727 | B36: MAR | C36: Educación vial en instituciones educativas | D36: Padres de familia | E36: Sensibilización en movilidad sostenible y segura | F36: Jairo Gaviria | G36: Capacitacion en educacion y seguridad vial con la capacitacion humanizando la movilidad a un grupo de padres | H36: CDI MICHIN | I36: Gloria Patricia Mejia | J36: 0 | K36: 9 | L36: =EDUVIAL_2023[[#This Row],[HOMBRE]]+EDUVIAL_2023[[#This Row],[MUJER]] -> 9 | M36: 0 | N36: 0 | O36: 0 | P36: 3 | Q36: 4 | R36: 2 | S36: =EDUVIAL_2023[[#This Row],[PRIMERA INFANCIA (Hasta 5 años)]]+EDUVIAL_2023[[#This Row],[INFANCIA (6 a 11 años)]]+EDUVIAL_2023[[#This Row],[ADOLESCENCIA (12 años a 17 años)]]+EDUVIAL_2023[[#This Row],[ADULTOS-JÓVENES (18 años a 28 años)]]+EDUVIAL_2023[[#This Row],[PERSONAS MAYORES ( Mayores de 60 años)]]+EDUVIAL_2023[[#This Row],[ADULTOS (29 años a 60 años)]] -> 9 | T36: =EDUVIAL_2023[[#This Row],[TOTAL SEXO]] -> 9 | U36: Zona 8 | V36: Alcalà | W36: 6.170816056852942, -75.59078118374059 | X36: =EXACT(EDUVIAL_2023[[#This Row],[TOTAL SEXO]],EDUVIAL_2023[[#This Row],[TOTAL RANGOS]]) -> TRUE
A37: 45728 | B37: MAR | C37: Educación vial en instituciones educativas | D37: Administrativos instituciones educativas | E37: Reunión de planeación para actividades | F37: Jairo Gaviria | G37: Reunion de planeacion de las estrategias de educacion vial para docentes,padres de familia y alumnos | H37: I.E MARTIN EDUARDO RIOS | I37: Veronica Usuga | J37: 1 | K37: 1 | L37: =EDUVIAL_2023[[#This Row],[HOMBRE]]+EDUVIAL_2023[[#This Row],[MUJER]] -> 2 | M37: 0 | N37: 0 | O37: 0 | P37: 0 | Q37: 2 | R37: 0 | S37: =EDUVIAL_2023[[#This Row],[PRIMERA INFANCIA (Hasta 5 años)]]+EDUVIAL_2023[[#This Row],[INFANCIA (6 a 11 años)]]+EDUVIAL_2023[[#This Row],[ADOLESCENCIA (12 años a 17 años)]]+EDUVIAL_2023[[#This Row],[ADULTOS-JÓVENES (18 años a 28 años)]]+EDUVIAL_2023[[#This Row],[PERSONAS MAYORES ( Mayores de 60 años)]]+EDUVIAL_2023[[#This Row],[ADULTOS (29 años a 60 años)]] -> 2 | T37: =EDUVIAL_2023[[#This Row],[TOTAL SEXO]] -> 2 | U37: Zona 13 | V37: Vereda Pantanillo | W37: 6.186791, -75.490075 | X37: =EXACT(EDUVIAL_2023[[#This Row],[TOTAL SEXO]],EDUVIAL_2023[[#This Row],[TOTAL RANGOS]]) -> TRUE
A38: 45728 | B38: MAR | C38: Acciones por la vida - ANSV | D38: Motociclistas | E38: Acciones por la vida para motociclistas ANSV | F38: Jairo Gaviria | G38: Desarrollar actividades pedagógicas y artísticas en vía para mitigar conductas de riesgo que están asociadas a los siniestros viales | H38: Agencia Nacional de Seguridad Vial | I38: Joyce Velez | J38: 35 | K38: 4 | L38: =EDUVIAL_2023[[#This Row],[HOMBRE]]+EDUVIAL_2023[[#This Row],[MUJER]] -> 39 | P38: 2 | Q38: 36 | R38: 1 | S38: =EDUVIAL_2023[[#This Row],[PRIMERA INFANCIA (Hasta 5 años)]]+EDUVIAL_2023[[#This Row],[INFANCIA (6 a 11 años)]]+EDUVIAL_2023[[#This Row],[ADOLESCENCIA (12 años a 17 años)]]+EDUVIAL_2023[[#This Row],[ADULTOS-JÓVENES (18 años a 28 años)]]+EDUVIAL_2023[[#This Row],[PERSONAS MAYORES ( Mayores de 60 años)]]+EDUVIAL_2023[[#This Row],[ADULTOS (29 años a 60 años)]] -> 39 | T38: =EDUVIAL_2023[[#This Row],[TOTAL SEXO]] -> 39 | U38: Zona 9 | V38: Centro | W38: 6.167664, -75.586311 | X38: =EXACT(EDUVIAL_2023[[#This Row],[TOTAL SEXO]],EDUVIAL_2023[[#This Row],[TOTAL RANGOS]]) -> TRUE
A39: 45728 | B39: MAR | C39: Educación vial en instituciones educativas | D39: Administrativos instituciones educativas | E39: Reunión de planeación para actividades | F39: Jairo Gaviria | G39: Reunion de planeacion de las estrategias de educacion vial para docentes,padres de familia y alumnos | H39: I.E LA PAZ | I39: Ruben Alcala | J39: 2 | L39: =EDUVIAL_2023[[#This Row],[HOMBRE]]+EDUVIAL_2023[[#This Row],[MUJER]] -> 2 | Q39: 2 | S39: =EDUVIAL_2023[[#This Row],[PRIMERA INFANCIA (Hasta 5 años)]]+EDUVIAL_2023[[#This Row],[INFANCIA (6 a 11 años)]]+EDUVIAL_2023[[#This Row],[ADOLESCENCIA (12 años a 17 años)]]+EDUVIAL_2023[[#This Row],[ADULTOS-JÓVENES (18 años a 28 años)]]+EDUVIAL_2023[[#This Row],[PERSONAS MAYORES ( Mayores de 60 años)]]+EDUVIAL_2023[[#This Row],[ADULTOS (29 años a 60 años)]] -> 2 | T39: =EDUVIAL_2023[[#This Row],[TOTAL SEXO]] -> 2 | U39: =VLOOKUP(EDUVIAL_2023[[#This Row],[INSTITUCIÓN O EMPRESA]],LISTAS!$J$1:$M$81,3,0) -> Zona 7 | V39: =VLOOKUP(EDUVIAL_2023[[#This Row],[INSTITUCIÓN O EMPRESA]],LISTAS!$J$1:$M$81,4,0) -> La Paz | W39: =VLOOKUP(EDUVIAL_2023[[#This Row],[INSTITUCIÓN O EMPRESA]],LISTAS!$J$1:$M$81,2,0) -> 6.162272, -75.594035 | X39: =EXACT(EDUVIAL_2023[[#This Row],[TOTAL SEXO]],EDUVIAL_2023[[#This Row],[TOTAL RANGOS]]) -> TRUE
A40: 45729 | B40: MAR | C40: Educación vial en instituciones educativas | D40: Administrativos instituciones educativas | E40: Reunión de planeación para actividades | F40: Jairo Gaviria | G40: Reunion de planeacion de las estrategias de educacion vial para docentes,padres de familia y alumnos | H40: I.E MARIA POUSSSEPIN | I40: Veronica Usuga | J40: 3 | K40: 1 | L40: =EDUVIAL_2023[[#This Row],[HOMBRE]]+EDUVIAL_2023[[#This Row],[MUJER]] -> 4 | M40: 0 | N40: 0 | O40: 0 | P40: 0 | Q40: 4 | S40: =EDUVIAL_2023[[#This Row],[PRIMERA INFANCIA (Hasta 5 años)]]+EDUVIAL_2023[[#This Row],[INFANCIA (6 a 11 años)]]+EDUVIAL_2023[[#This Row],[ADOLESCENCIA (12 años a 17 años)]]+EDUVIAL_2023[[#This Row],[ADULTOS-JÓVENES (18 años a 28 años)]]+EDUVIAL_2023[[#This Row],[PERSONAS MAYORES ( Mayores de 60 años)]]+EDUVIAL_2023[[#This Row],[ADULTOS (29 años a 60 años)]] -> 4 | T40: =EDUVIAL_2023[[#This Row],[TOTAL SEXO]] -> 4 | U40: Zona 3 | V40: Uribe Ángel | W40: 6.171157, -75.577011 | X40: =EXACT(EDUVIAL_2023[[#This Row],[TOTAL SEXO]],EDUVIAL_2023[[#This Row],[TOTAL RANGOS]]) -> TRUE
A41: 45729 | B41: MAR | C41: Educación vial en empresas | D41: Auxiliares de tránsito | E41: Formación en funciones de auxiliar de tránsito | F41: Jairo Gaviria | G41: Capacitar a un personal de obra en funciones de auxiliar de transito | H41: ARRAYANES | I41: Juan Carmona | J41: 22 | K41: 3 | L41: =EDUVIAL_2023[[#This Row],[HOMBRE]]+EDUVIAL_2023[[#This Row],[MUJER]] -> 25 | M41: 0 | N41: 0 | O41: 0 | P41: 11 | Q41: 13 | R41: 1 | S41: =EDUVIAL_2023[[#This Row],[PRIMERA INFANCIA (Hasta 5 años)]]+EDUVIAL_2023[[#This Row],[INFANCIA (6 a 11 años)]]+EDUVIAL_2023[[#This Row],[ADOLESCENCIA (12 años a 17 años)]]+EDUVIAL_2023[[#This Row],[ADULTOS-JÓVENES (18 años a 28 años)]]+EDUVIAL_2023[[#This Row],[PERSONAS MAYORES ( Mayores de 60 años)]]+EDUVIAL_2023[[#This Row],[ADULTOS (29 años a 60 años)]] -> 25 | T41: =EDUVIAL_2023[[#This Row],[TOTAL SEXO]] -> 25 | U41: Zona 9 | V41: Centro | W41: 6.167664, -75.586311 | X41: =EXACT(EDUVIAL_2023[[#This Row],[TOTAL SEXO]],EDUVIAL_2023[[#This Row],[TOTAL RANGOS]]) -> TRUE
A42: 45730 | B42: MAR | C42: Educación vial en instituciones educativas | D42: Padres de familia | E42: Sensibilización en movilidad sostenible y segura | F42: Jairo Gaviria | G42: Reunion de planeacion de las estrategias de educacion vial para docentes,padres de familia y alumnos | H42: I.E MANUEL URIBE ANGEL - SEDE MARCELIANO VELEZ | I42: Adriana Naranjo | J42: 5 | K42: 27 | L42: =EDUVIAL_2023[[#This Row],[HOMBRE]]+EDUVIAL_2023[[#This Row],[MUJER]] -> 32 | M42: 0 | N42: 0 | O42: 0 | P42: 0 | Q42: 32 | R42: 0 | S42: =EDUVIAL_2023[[#This Row],[PRIMERA INFANCIA (Hasta 5 años)]]+EDUVIAL_2023[[#This Row],[INFANCIA (6 a 11 años)]]+EDUVIAL_2023[[#This Row],[ADOLESCENCIA (12 años a 17 años)]]+EDUVIAL_2023[[#This Row],[ADULTOS-JÓVENES (18 años a 28 años)]]+EDUVIAL_2023[[#This Row],[PERSONAS MAYORES ( Mayores de 60 años)]]+EDUVIAL_2023[[#This Row],[ADULTOS (29 años a 60 años)]] -> 32 | T42: =EDUVIAL_2023[[#This Row],[TOTAL SEXO]] -> 32 | U42: Zona 9 | V42: Centro | W42: 6.167664, -75.586311 | X42: =EXACT(EDUVIAL_2023[[#This Row],[TOTAL SEXO]],EDUVIAL_2023[[#This Row],[TOTAL RANGOS]]) -> TRUE
A43: 45730 | B43: MAR | C43: Educación vial en instituciones educativas | D43: Administrativos instituciones educativas | E43: Reunión de planeación para actividades | F43: Jairo Gaviria | G43: Reunion de planeacion de las estrategias de educacion vial para docentes,padres de familia y alumnos | H43: I.E COMERCIAL DE ENVIGADO | I43: Nelson Velez | J43: 2 | K43: 1 | L43: =EDUVIAL_2023[[#This Row],[HOMBRE]]+EDUVIAL_2023[[#This Row],[MUJER]] -> 3 | M43: 0 | N43: 0 | O43: 0 | P43: 0 | Q43: 3 | R43: 0 | S43: =EDUVIAL_2023[[#This Row],[PRIMERA INFANCIA (Hasta 5 años)]]+EDUVIAL_2023[[#This Row],[INFANCIA (6 a 11 años)]]+EDUVIAL_2023[[#This Row],[ADOLESCENCIA (12 años a 17 años)]]+EDUVIAL_2023[[#This Row],[ADULTOS-JÓVENES (18 años a 28 años)]]+EDUVIAL_2023[[#This Row],[PERSONAS MAYORES ( Mayores de 60 años)]]+EDUVIAL_2023[[#This Row],[ADULTOS (29 años a 60 años)]] -> 3 | T43: =EDUVIAL_2023[[#This Row],[TOTAL SEXO]] -> 3 | U43: Zona 6 | V43: La Mina | W43: 6.153470, -75.584819 | X43: =EXACT(EDUVIAL_2023[[#This Row],[TOTAL SEXO]],EDUVIAL_2023[[#This Row],[TOTAL RANGOS]]) -> TRUE
A44: 45730 | B44: MAR | C44: Acciones por la vida - ANSV | D44: Motociclistas | E44: Acciones por la vida para motociclistas ANSV | F44: Daniel Ríos | G44: Desarrollar actividades pedagógicas y artísticas en vía para mitigar conductas de riesgo que están asociadas a los siniestros viales | H44: Agencia Nacional de Seguridad Vial | I44: Joyce Velez | J44: 30 | K44: 4 | L44: =EDUVIAL_2023[[#This Row],[HOMBRE]]+EDUVIAL_2023[[#This Row],[MUJER]] -> 34 | M44: 0 | N44: 0 | O44: 0 | P44: 10 | Q44: 23 | R44: 1 | S44: =EDUVIAL_2023[[#This Row],[PRIMERA INFANCIA (Hasta 5 años)]]+EDUVIAL_2023[[#This Row],[INFANCIA (6 a 11 años)]]+EDUVIAL_2023[[#This Row],[ADOLESCENCIA (12 años a 17 años)]]+EDUVIAL_2023[[#This Row],[ADULTOS-JÓVENES (18 años a 28 años)]]+EDUVIAL_2023[[#This Row],[PERSONAS MAYORES ( Mayores de 60 años)]]+EDUVIAL_2023[[#This Row],[ADULTOS (29 años a 60 años)]] -> 34 | T44: =EDUVIAL_2023[[#This Row],[TOTAL SEXO]] -> 34 | U44: Zona 9 | V44: Centro | W44: 6.167664, -75.586311 | X44: =EXACT(EDUVIAL_2023[[#This Row],[TOTAL SEXO]],EDUVIAL_2023[[#This Row],[TOTAL RANGOS]]) -> TRUE
A45: 45731 | B45: MAR | C45: Educación vial en instituciones educativas | D45: Docentes de secundaria instituciones educativas | E45: Formación para el fortalecimiento de conocimientos, hábitos y comportamientos seguros | F45: Jairo Gaviria | G45: Capacitacio sobre la transversalizacion de las areas del conocimiento con movilidad | H45: I.E ALEJANDRO VELEZ BARRIENTOS | I45: Liliana Restrepo | J45: 4 | K45: 23 | L45: =EDUVIAL_2023[[#This Row],[HOMBRE]]+EDUVIAL_2023[[#This Row],[MUJER]] -> 27 | M45: 0 | N45: 0 | O45: 0 | P45: 0 | Q45: 27 | R45: 0 | S45: =EDUVIAL_2023[[#This Row],[PRIMERA INFANCIA (Hasta 5 años)]]+EDUVIAL_2023[[#This Row],[INFANCIA (6 a 11 años)]]+EDUVIAL_2023[[#This Row],[ADOLESCENCIA (12 años a 17 años)]]+EDUVIAL_2023[[#This Row],[ADULTOS-JÓVENES (18 años a 28 años)]]+EDUVIAL_2023[[#This Row],[PERSONAS MAYORES ( Mayores de 60 años)]]+EDUVIAL_2023[[#This Row],[ADULTOS (29 años a 60 años)]] -> 27 | T45: =EDUVIAL_2023[[#This Row],[TOTAL SEXO]] -> 27 | U45: Zona 8 | V45: Alcalà | W45: 6.170816056852942, -75.59078118374059 | X45: =EXACT(EDUVIAL_2023[[#This Row],[TOTAL SEXO]],EDUVIAL_2023[[#This Row],[TOTAL RANGOS]]) -> TRUE
A46: 45734 | B46: MAR | C46: Educación vial en instituciones educativas | D46: Docentes de secundaria instituciones educativas | E46: Reunión de planeación para actividades | F46: Jairo Gaviria | G46: Reunion de planeacion de las estrategias de educacion vial para docentes,padres de familia y alumnos | H46: I.E LETICIA ARANGO DE AVENDAÑO | I46: Fabio Restrepo | J46: 1 | K46: 0 | L46: =EDUVIAL_2023[[#This Row],[HOMBRE]]+EDUVIAL_2023[[#This Row],[MUJER]] -> 1 | M46: 0 | N46: 0 | O46: 0 | P46: 0 | Q46: 1 | R46: 0 | S46: =EDUVIAL_2023[[#This Row],[PRIMERA INFANCIA (Hasta 5 años)]]+EDUVIAL_2023[[#This Row],[INFANCIA (6 a 11 años)]]+EDUVIAL_2023[[#This Row],[ADOLESCENCIA (12 años a 17 años)]]+EDUVIAL_2023[[#This Row],[ADULTOS-JÓVENES (18 años a 28 años)]]+EDUVIAL_2023[[#This Row],[PERSONAS MAYORES ( Mayores de 60 años)]]+EDUVIAL_2023[[#This Row],[ADULTOS (29 años a 60 años)]] -> 1 | T46: =EDUVIAL_2023[[#This Row],[TOTAL SEXO]] -> 1 | U46: Zona 7 | V46: La Paz | W46: 6.163314, -75.594252 | X46: =EXACT(EDUVIAL_2023[[#This Row],[TOTAL SEXO]],EDUVIAL_2023[[#This Row],[TOTAL RANGOS]]) -> TRUE
A47: 45737 | B47: MAR | C47: Educación vial en instituciones educativas | D47: Docentes de secundaria instituciones educativas | E47: Reunión de planeación para actividades | F47: Jairo Gaviria | G47: Reunion de planeacion de las estrategias de educacion vial para docentes,padres de familia y alumnos | H47: I.E SAN VICENTE ALTOD E LAS FLORES | I47: Veronica usuga | J47: 1 | K47: 1 | L47: =EDUVIAL_2023[[#This Row],[HOMBRE]]+EDUVIAL_2023[[#This Row],[MUJER]] -> 2 | M47: 0 | N47: 0 | O47: 0 | P47: 0 | Q47: 2 | R47: 0 | S47: =EDUVIAL_2023[[#This Row],[PRIMERA INFANCIA (Hasta 5 años)]]+EDUVIAL_2023[[#This Row],[INFANCIA (6 a 11 años)]]+EDUVIAL_2023[[#This Row],[ADOLESCENCIA (12 años a 17 años)]]+EDUVIAL_2023[[#This Row],[ADULTOS-JÓVENES (18 años a 28 años)]]+EDUVIAL_2023[[#This Row],[PERSONAS MAYORES ( Mayores de 60 años)]]+EDUVIAL_2023[[#This Row],[ADULTOS (29 años a 60 años)]] -> 2 | T47: =EDUVIAL_2023[[#This Row],[TOTAL SEXO]] -> 2 | U47: Zona 7 | V47: Alto de las Flores | W47: 6.155359, -75.600822 | X47: =EXACT(EDUVIAL_2023[[#This Row],[TOTAL SEXO]],EDUVIAL_2023[[#This Row],[TOTAL RANGOS]]) -> TRUE
A48: 45741 | B48: MAR | C48: Educación vial en instituciones educativas | D48: Padres de familia Alejandro velez | E48: Formación para el fortalecimiento de conocimientos, hábitos y comportamientos seguros | F48: Jairo Gaviria | G48: Escuela de padres | H48: I.E ALEJANDRO VELEZ BARRIENTOS | I48: Liliana Restrepo | J48: 1 | K48: 5 | L48: =EDUVIAL_2023[[#This Row],[HOMBRE]]+EDUVIAL_2023[[#This Row],[MUJER]] -> 6 | M48: 0 | N48: 0 | O48: 0 | P48: 0 | Q48: 6 | R48: 0 | S48: =EDUVIAL_2023[[#This Row],[PRIMERA INFANCIA (Hasta 5 años)]]+EDUVIAL_2023[[#This Row],[INFANCIA (6 a 11 años)]]+EDUVIAL_2023[[#This Row],[ADOLESCENCIA (12 años a 17 años)]]+EDUVIAL_2023[[#This Row],[ADULTOS-JÓVENES (18 años a 28 años)]]+EDUVIAL_2023[[#This Row],[PERSONAS MAYORES ( Mayores de 60 años)]]+EDUVIAL_2023[[#This Row],[ADULTOS (29 años a 60 años)]] -> 6 | T48: =EDUVIAL_2023[[#This Row],[TOTAL SEXO]] -> 6 | U48: Zona 8 | V48: Alcalà | W48: 6.170816056852942, -75.59078118374059 | X48: =EXACT(EDUVIAL_2023[[#This Row],[TOTAL SEXO]],EDUVIAL_2023[[#This Row],[TOTAL RANGOS]]) -> TRUE
A49: 45743 | B49: MAR | C49: Educación vial en instituciones educativas | D49: Escuela de padres JOMAR | E49: Formación para el fortalecimiento de conocimientos, hábitos y comportamientos seguros | F49: Jairo Gaviria | G49: Escuela de padres | H49: I.E JOSE MANUEL RESTREPO VELEZ | I49: Gloria Rojas | J49: 3 | K49: 17 | L49: =EDUVIAL_2023[[#This Row],[HOMBRE]]+EDUVIAL_2023[[#This Row],[MUJER]] -> 20 | M49: 0 | N49: 0 | O49: 0 | P49: 0 | Q49: 19 | R49: 1 | S49: =EDUVIAL_2023[[#This Row],[PRIMERA INFANCIA (Hasta 5 años)]]+EDUVIAL_2023[[#This Row],[INFANCIA (6 a 11 años)]]+EDUVIAL_2023[[#This Row],[ADOLESCENCIA (12 años a 17 años)]]+EDUVIAL_2023[[#This Row],[ADULTOS-JÓVENES (18 años a 28 años)]]+EDUVIAL_2023[[#This Row],[PERSONAS MAYORES ( Mayores de 60 años)]]+EDUVIAL_2023[[#This Row],[ADULTOS (29 años a 60 años)]] -> 20 | T49: =EDUVIAL_2023[[#This Row],[TOTAL SEXO]] -> 20 | U49: =VLOOKUP(EDUVIAL_2023[[#This Row],[INSTITUCIÓN O EMPRESA]],LISTAS!$J$1:$M$81,3,0) -> Zona 8 | V49: Alcalà | W49: =VLOOKUP(EDUVIAL_2023[[#This Row],[INSTITUCIÓN O EMPRESA]],LISTAS!$J$1:$M$81,2,0) -> 6.171594, -75.591214 | X49: =EXACT(EDUVIAL_2023[[#This Row],[TOTAL SEXO]],EDUVIAL_2023[[#This Row],[TOTAL RANGOS]]) -> TRUE
A50: 45738 | B50: MAR | C50: Experiencias ciudadanas en movilidad sostenible y segura | D50: Conductores sancionados por embriaguez | E50: Orientación y seguimiento a labor comunitaria | F50: Jairo Gaviria | G50: Sensibilización en prevención de la conducción bajo los efectos del alcohol o sustancias psicoactivas. | H50: Secretaría de Movilidad | I50: Sebastian Gaviria | J50: 1 | K50: 0 | L50: =EDUVIAL_2023[[#This Row],[HOMBRE]]+EDUVIAL_2023[[#This Row],[MUJER]] -> 1 | M50: 0 | N50: 0 | O50: 0 | P50: 0 | Q50: 1 | R50: 0 | S50: =EDUVIAL_2023[[#This Row],[PRIMERA INFANCIA (Hasta 5 años)]]+EDUVIAL_2023[[#This Row],[INFANCIA (6 a 11 años)]]+EDUVIAL_2023[[#This Row],[ADOLESCENCIA (12 años a 17 años)]]+EDUVIAL_2023[[#This Row],[ADULTOS-JÓVENES (18 años a 28 años)]]+EDUVIAL_2023[[#This Row],[PERSONAS MAYORES ( Mayores de 60 años)]]+EDUVIAL_2023[[#This Row],[ADULTOS (29 años a 60 años)]] -> 1 | T50: =EDUVIAL_2023[[#This Row],[TOTAL SEXO]] -> 1 | U50: Zona 9 | V50: Centro | W50: 6.167664, -75.586311 | X50: =EXACT(EDUVIAL_2023[[#This Row],[TOTAL SEXO]],EDUVIAL_2023[[#This Row],[TOTAL RANGOS]]) -> TRUE
A51: 45741 | B51: MAR | C51: Educación vial en instituciones educativas | D51: Padres de familia | E51: Formación para el fortalecimiento de conocimientos, hábitos y comportamientos seguros | F51: Jairo Gaviria | G51: Taller de crecimiento personal. | H51: I.E ALEJANDRO VELEZ BARRIENTOS | I51: Liliana Restrepo | J51: 1 | K51: 5 | L51: =EDUVIAL_2023[[#This Row],[HOMBRE]]+EDUVIAL_2023[[#This Row],[MUJER]] -> 6 | M51: 0 | N51: 0 | O51: 0 | P51: 0 | Q51: 6 | R51: 0 | S51: =EDUVIAL_2023[[#This Row],[PRIMERA INFANCIA (Hasta 5 años)]]+EDUVIAL_2023[[#This Row],[INFANCIA (6 a 11 años)]]+EDUVIAL_2023[[#This Row],[ADOLESCENCIA (12 años a 17 años)]]+EDUVIAL_2023[[#This Row],[ADULTOS-JÓVENES (18 años a 28 años)]]+EDUVIAL_2023[[#This Row],[PERSONAS MAYORES ( Mayores de 60 años)]]+EDUVIAL_2023[[#This Row],[ADULTOS (29 años a 60 años)]] -> 6 | T51: =EDUVIAL_2023[[#This Row],[TOTAL SEXO]] -> 6 | U51: Zona 8 | V51: Alcalà | W51: 6.170816056852942, -75.59078118374059 | X51: =EXACT(EDUVIAL_2023[[#This Row],[TOTAL SEXO]],EDUVIAL_2023[[#This Row],[TOTAL RANGOS]]) -> TRUE
A52: 45741 | B52: MAR | C52: Educación vial en empresas | D52: Colaboradores de diferentes dependeancias de la alcaldia | E52: Formación para el fortalecimiento de conocimientos, hábitos y comportamientos seguros | F52: Daniel Ríos | G52: Desarrollar actividades pedagógicas y artísticas en vía para mitigar conductas de riesgo que están asociadas a los siniestros viales | H52: Secretaría de Movilidad | I52: Fabio Restrepo | J52: 27 | K52: 0 | L52: =EDUVIAL_2023[[#This Row],[HOMBRE]]+EDUVIAL_2023[[#This Row],[MUJER]] -> 27 | M52: 0 | N52: 0 | O52: 0 | P52: 0 | Q52: 21 | R52: 6 | S52: =EDUVIAL_2023[[#This Row],[PRIMERA INFANCIA (Hasta 5 años)]]+EDUVIAL_2023[[#This Row],[INFANCIA (6 a 11 años)]]+EDUVIAL_2023[[#This Row],[ADOLESCENCIA (12 años a 17 años)]]+EDUVIAL_2023[[#This Row],[ADULTOS-JÓVENES (18 años a 28 años)]]+EDUVIAL_2023[[#This Row],[PERSONAS MAYORES ( Mayores de 60 años)]]+EDUVIAL_2023[[#This Row],[ADULTOS (29 años a 60 años)]] -> 27 | T52: =EDUVIAL_2023[[#This Row],[TOTAL SEXO]] -> 27 | U52: Zona 9 | V52: Centro | W52: 6.167664, -75.586311 | X52: =EXACT(EDUVIAL_2023[[#This Row],[TOTAL SEXO]],EDUVIAL_2023[[#This Row],[TOTAL RANGOS]]) -> TRUE
A53: 45742 | B53: MAR | C53: Educación vial en empresas | D53: Colaboradores de diferentes dependeancias de la alcaldia | E53: Formación para el fortalecimiento de conocimientos, hábitos y comportamientos seguros | F53: Jairo Gaviria | G53: Desarrollar actividades pedagógicas y artísticas en vía para mitigar conductas de riesgo que están asociadas a los siniestros viales | H53: CEFIT | I53: Alejandra Arroyave | J53: 5 | K53: 6 | L53: =EDUVIAL_2023[[#This Row],[HOMBRE]]+EDUVIAL_2023[[#This Row],[MUJER]] -> 11 | M53: 0 | N53: 0 | O53: 0 | P53: 0 | Q53: 10 | R53: 1 | S53: =EDUVIAL_2023[[#This Row],[PRIMERA INFANCIA (Hasta 5 años)]]+EDUVIAL_2023[[#This Row],[INFANCIA (6 a 11 años)]]+EDUVIAL_2023[[#This Row],[ADOLESCENCIA (12 años a 17 años)]]+EDUVIAL_2023[[#This Row],[ADULTOS-JÓVENES (18 años a 28 años)]]+EDUVIAL_2023[[#This Row],[PERSONAS MAYORES ( Mayores de 60 años)]]+EDUVIAL_2023[[#This Row],[ADULTOS (29 años a 60 años)]] -> 11 | T53: =EDUVIAL_2023[[#This Row],[TOTAL SEXO]] -> 11 | U53: Zona 9 | V53: Barrio Mesa | W53: 6.165319, -75.581362 | X53: =EXACT(EDUVIAL_2023[[#This Row],[TOTAL SEXO]],EDUVIAL_2023[[#This Row],[TOTAL RANGOS]]) -> TRUE
A54: 45742 | B54: MAR | C54: Centro de Educación Vial | D54: Estuduantes de primaria | E54: Formación para el fortalecimiento de conocimientos, hábitos y comportamientos seguros | G54: Capacitacion en educacion y seguridad vial esdiantes de primaria | H54: Amigos del Camino ANSV | I54: Yeferson | J54: 20 | K54: 17 | L54: =EDUVIAL_2023[[#This Row],[HOMBRE]]+EDUVIAL_2023[[#This Row],[MUJER]] -> 37 | M54: 0 | N54: 27 | O54: 0 | P54: 2 | Q54: 8 | R54: 0 | S54: =EDUVIAL_2023[[#This Row],[PRIMERA INFANCIA (Hasta 5 años)]]+EDUVIAL_2023[[#This Row],[INFANCIA (6 a 11 años)]]+EDUVIAL_2023[[#This Row],[ADOLESCENCIA (12 años a 17 años)]]+EDUVIAL_2023[[#This Row],[ADULTOS-JÓVENES (18 años a 28 años)]]+EDUVIAL_2023[[#This Row],[PERSONAS MAYORES ( Mayores de 60 años)]]+EDUVIAL_2023[[#This Row],[ADULTOS (29 años a 60 años)]] -> 37 | T54: =EDUVIAL_2023[[#This Row],[TOTAL SEXO]] -> 37 | U54: Zona 9 | V54: Centro | W54: 6.167664, -75.586311 | X54: =EXACT(EDUVIAL_2023[[#This Row],[TOTAL SEXO]],EDUVIAL_2023[[#This Row],[TOTAL RANGOS]]) -> TRUE
A55: 45743 | B55: MAR | C55: Experiencias ciudadanas en movilidad sostenible y segura | D55: Agente de Transito | E55: Sensibilizaciones en educación vial | F55: Daniel Ríos | G55: Recomendaciones de seguridad vial como conductores y acompañantes de motocicleta. | H55: Secretaría de Movilidad | I55: LEIDY RODRIGUEZ | J55: 0 | K55: 1 | L55: =EDUVIAL_2023[[#This Row],[HOMBRE]]+EDUVIAL_2023[[#This Row],[MUJER]] -> 1 | M55: 0 | N55: 0 | O55: 0 | P55: 0 | Q55: 1 | R55: 0 | S55: =EDUVIAL_2023[[#This Row],[PRIMERA INFANCIA (Hasta 5 años)]]+EDUVIAL_2023[[#This Row],[INFANCIA (6 a 11 años)]]+EDUVIAL_2023[[#This Row],[ADOLESCENCIA (12 años a 17 años)]]+EDUVIAL_2023[[#This Row],[ADULTOS-JÓVENES (18 años a 28 años)]]+EDUVIAL_2023[[#This Row],[PERSONAS MAYORES ( Mayores de 60 años)]]+EDUVIAL_2023[[#This Row],[ADULTOS (29 años a 60 años)]] -> 1 | T55: =EDUVIAL_2023[[#This Row],[TOTAL SEXO]] -> 1 | U55: Zona 9 | V55: Centro | W55: 6.167664, -75.586311 | X55: =EXACT(EDUVIAL_2023[[#This Row],[TOTAL SEXO]],EDUVIAL_2023[[#This Row],[TOTAL RANGOS]]) -> TRUE
A56: 45743 | B56: MAR | C56: Educación vial en instituciones educativas | D56: Padres de familia | E56: Dialogos de movilidad segura y sostenible | F56: Jairo Gaviria | G56: Escuela de padres | H56: I.E JOSE MANUEL RESTREPO VELEZ | I56: Gloria Rojas | J56: 3 | K56: 16 | L56: =EDUVIAL_2023[[#This Row],[HOMBRE]]+EDUVIAL_2023[[#This Row],[MUJER]] -> 19 | M56: 0 | N56: 0 | O56: 0 | P56: 0 | Q56: 17 | R56: 2 | S56: =EDUVIAL_2023[[#This Row],[PRIMERA INFANCIA (Hasta 5 años)]]+EDUVIAL_2023[[#This Row],[INFANCIA (6 a 11 años)]]+EDUVIAL_2023[[#This Row],[ADOLESCENCIA (12 años a 17 años)]]+EDUVIAL_2023[[#This Row],[ADULTOS-JÓVENES (18 años a 28 años)]]+EDUVIAL_2023[[#This Row],[PERSONAS MAYORES ( Mayores de 60 años)]]+EDUVIAL_2023[[#This Row],[ADULTOS (29 años a 60 años)]] -> 19 | T56: =EDUVIAL_2023[[#This Row],[TOTAL SEXO]] -> 19 | U56: =VLOOKUP(EDUVIAL_2023[[#This Row],[INSTITUCIÓN O EMPRESA]],LISTAS!$J$1:$M$81,3,0) -> Zona 8 | V56: Alcalà | W56: =VLOOKUP(EDUVIAL_2023[[#This Row],[INSTITUCIÓN O EMPRESA]],LISTAS!$J$1:$M$81,2,0) -> 6.171594, -75.591214 | X56: =EXACT(EDUVIAL_2023[[#This Row],[TOTAL SEXO]],EDUVIAL_2023[[#This Row],[TOTAL RANGOS]]) -> TRUE
A57: 45743 | B57: MAR | C57: Experiencias ciudadanas en movilidad sostenible y segura | D57: Conductores sancionados por embriaguez | E57: Orientación y seguimiento a labor comunitaria | F57: Jairo Gaviria | G57: Sensibilización en prevención de la conducción bajo los efectos del alcohol o sustancias psicoactivas. | H57: Secretaría de Movilidad | I57: Lucas areiza | J57: 1 | K57: 0 | L57: =EDUVIAL_2023[[#This Row],[HOMBRE]]+EDUVIAL_2023[[#This Row],[MUJER]] -> 1 | M57: 0 | N57: 0 | O57: 0 | P57: 0 | Q57: 1 | R57: 0 | S57: =EDUVIAL_2023[[#This Row],[PRIMERA INFANCIA (Hasta 5 años)]]+EDUVIAL_2023[[#This Row],[INFANCIA (6 a 11 años)]]+EDUVIAL_2023[[#This Row],[ADOLESCENCIA (12 años a 17 años)]]+EDUVIAL_2023[[#This Row],[ADULTOS-JÓVENES (18 años a 28 años)]]+EDUVIAL_2023[[#This Row],[PERSONAS MAYORES ( Mayores de 60 años)]]+EDUVIAL_2023[[#This Row],[ADULTOS (29 años a 60 años)]] -> 1 | T57: =EDUVIAL_2023[[#This Row],[TOTAL SEXO]] -> 1 | U57: Zona 9 | V57: Centro | W57: 6.167664, -75.586311 | X57: =EXACT(EDUVIAL_2023[[#This Row],[TOTAL SEXO]],EDUVIAL_2023[[#This Row],[TOTAL RANGOS]]) -> TRUE
A58: 45744 | B58: MAR | C58: Educación vial en instituciones educativas | D58: Padres de familia | E58: Dialogos de movilidad segura y sostenible | F58: Daniel Ríos | G58: Escuela de padres | H58: I.E COMERCIAL DE ENVIGADO | I58: Nelson Velez | J58: 5 | K58: 19 | L58: =EDUVIAL_2023[[#This Row],[HOMBRE]]+EDUVIAL_2023[[#This Row],[MUJER]] -> 24 | M58: 0 | N58: 0 | O58: 0 | P58: 1 | Q58: 21 | R58: 2 | S58: =EDUVIAL_2023[[#This Row],[PRIMERA INFANCIA (Hasta 5 años)]]+EDUVIAL_2023[[#This Row],[INFANCIA (6 a 11 años)]]+EDUVIAL_2023[[#This Row],[ADOLESCENCIA (12 años a 17 años)]]+EDUVIAL_2023[[#This Row],[ADULTOS-JÓVENES (18 años a 28 años)]]+EDUVIAL_2023[[#This Row],[PERSONAS MAYORES ( Mayores de 60 años)]]+EDUVIAL_2023[[#This Row],[ADULTOS (29 años a 60 años)]] -> 24 | T58: =EDUVIAL_2023[[#This Row],[TOTAL SEXO]] -> 24 | U58: ZONA 6 | V58: =VLOOKUP(EDUVIAL_2023[[#This Row],[INSTITUCIÓN O EMPRESA]],LISTAS!$J$1:$M$85,4,0) -> San Rafael | W58: 6.153470, -75.584819 | X58: =EXACT(EDUVIAL_2023[[#This Row],[TOTAL SEXO]],EDUVIAL_2023[[#This Row],[TOTAL RANGOS]]) -> TRUE
A59: 45744 | B59: MAR | C59: Educación vial en instituciones educativas | D59: Alumnos de bachillerato | E59: Formacion de la patrulla escolar | F59: Jairo Gaviria | G59: Conformacion de la patrulla escolar | H59: I.E MANUEL URIBE ANGEL | I59: Willian florez | J59: 4 | K59: 5 | L59: =EDUVIAL_2023[[#This Row],[HOMBRE]]+EDUVIAL_2023[[#This Row],[MUJER]] -> 9 | M59: 0 | N59: 0 | O59: 5 | P59: 3 | Q59: 1 | R59: 0 | S59: =EDUVIAL_2023[[#This Row],[PRIMERA INFANCIA (Hasta 5 años)]]+EDUVIAL_2023[[#This Row],[INFANCIA (6 a 11 años)]]+EDUVIAL_2023[[#This Row],[ADOLESCENCIA (12 años a 17 años)]]+EDUVIAL_2023[[#This Row],[ADULTOS-JÓVENES (18 años a 28 años)]]+EDUVIAL_2023[[#This Row],[PERSONAS MAYORES ( Mayores de 60 años)]]+EDUVIAL_2023[[#This Row],[ADULTOS (29 años a 60 años)]] -> 9 | T59: =EDUVIAL_2023[[#This Row],[TOTAL SEXO]] -> 9 | U59: Zona 9 | V59: Centro | W59: 6.167664, -75.586311 | X59: =EXACT(EDUVIAL_2023[[#This Row],[TOTAL SEXO]],EDUVIAL_2023[[#This Row],[TOTAL RANGOS]]) -> TRUE
A60: 45744 | B60: MAR | C60: Patrulla de Tránsito | D60: Padres de familia | E60: Dialogos de movilidad segura y sostenible | F60: Jairo Gaviria | G60: Escuela de padres y reunion general con el secretario de movilidad | H60: Secretaría de Movilidad | I60: Jairo Gaviria | J60: 2 | K60: 27 | L60: =EDUVIAL_2023[[#This Row],[HOMBRE]]+EDUVIAL_2023[[#This Row],[MUJER]] -> 29 | M60: 0 | N60: 0 | O60: 1 | P60: 4 | Q60: 18 | R60: 6 | S60: =EDUVIAL_2023[[#This Row],[PRIMERA INFANCIA (Hasta 5 años)]]+EDUVIAL_2023[[#This Row],[INFANCIA (6 a 11 años)]]+EDUVIAL_2023[[#This Row],[ADOLESCENCIA (12 años a 17 años)]]+EDUVIAL_2023[[#This Row],[ADULTOS-JÓVENES (18 años a 28 años)]]+EDUVIAL_2023[[#This Row],[PERSONAS MAYORES ( Mayores de 60 años)]]+EDUVIAL_2023[[#This Row],[ADULTOS (29 años a 60 años)]] -> 29 | T60: =EDUVIAL_2023[[#This Row],[TOTAL SEXO]] -> 29 | U60: Zona 2 | V60: Pontevedra | W60: 6.177194, -75.584143 | X60: =EXACT(EDUVIAL_2023[[#This Row],[TOTAL SEXO]],EDUVIAL_2023[[#This Row],[TOTAL RANGOS]]) -> TRUE
A61: 45745 | B61: MAR | C61: Educación vial en instituciones educativas | D61: Docentes secundaria | E61: Formación para el fortalecimiento de conocimientos, hábitos y comportamientos seguros | F61: Daniel Ríos | G61: Taller con docentes | H61: I.E LAS PALMAS | I61: Veronica Usuga | J61: 10 | K61: 13 | L61: =EDUVIAL_2023[[#This Row],[HOMBRE]]+EDUVIAL_2023[[#This Row],[MUJER]] -> 23 | M61: 0 | N61: 0 | O61: 0 | P61: 0 | Q61: 23 | R61: 0 | S61: =EDUVIAL_2023[[#This Row],[PRIMERA INFANCIA (Hasta 5 años)]]+EDUVIAL_2023[[#This Row],[INFANCIA (6 a 11 años)]]+EDUVIAL_2023[[#This Row],[ADOLESCENCIA (12 años a 17 años)]]+EDUVIAL_2023[[#This Row],[ADULTOS-JÓVENES (18 años a 28 años)]]+EDUVIAL_2023[[#This Row],[PERSONAS MAYORES ( Mayores de 60 años)]]+EDUVIAL_2023[[#This Row],[ADULTOS (29 años a 60 años)]] -> 23 | T61: =EDUVIAL_2023[[#This Row],[TOTAL SEXO]] -> 23 | U61: Zona 12 | V61: Vereda Las Palmas | W61: 6.151222, -75.533765 | X61: =EXACT(EDUVIAL_2023[[#This Row],[TOTAL SEXO]],EDUVIAL_2023[[#This Row],[TOTAL RANGOS]]) -> TRUE
A62: 45745 | B62: MAR | C62: Educación vial en instituciones educativas | D62: Docentes secundaria | E62: Formación para el fortalecimiento de conocimientos, hábitos y comportamientos seguros | F62: Jairo Gaviria | G62: Taller con docentes | H62: I.E LETICIA ARANGO DE AVENDAÑO | I62: Fabio Restrepo | J62: 7 | K62: 26 | L62: =EDUVIAL_2023[[#This Row],[HOMBRE]]+EDUVIAL_2023[[#This Row],[MUJER]] -> 33 | M62: 0 | N62: 0 | O62: 0 | P62: 1 | Q62: 29 | R62: 3 | S62: =EDUVIAL_2023[[#This Row],[PRIMERA INFANCIA (Hasta 5 años)]]+EDUVIAL_2023[[#This Row],[INFANCIA (6 a 11 años)]]+EDUVIAL_2023[[#This Row],[ADOLESCENCIA (12 años a 17 años)]]+EDUVIAL_2023[[#This Row],[ADULTOS-JÓVENES (18 años a 28 años)]]+EDUVIAL_2023[[#This Row],[PERSONAS MAYORES ( Mayores de 60 años)]]+EDUVIAL_2023[[#This Row],[ADULTOS (29 años a 60 años)]] -> 33 | T62: =EDUVIAL_2023[[#This Row],[TOTAL SEXO]] -> 33 | U62: Zona 7 | V62: La Paz | W62: 6.163314, -75.594252 | X62: =EXACT(EDUVIAL_2023[[#This Row],[TOTAL SEXO]],EDUVIAL_2023[[#This Row],[TOTAL RANGOS]]) -> TRUE
A63: 45749 | B63: ABRIL | C63: Experiencias ciudadanas en movilidad sostenible y segura | D63: Conductores sancionados por embriaguez | E63: Orientación y seguimiento a labor comunitaria | F63: Jairo Gaviria | G63: Sensibilización en prevención de la conducción bajo los efectos del alcohol o sustancias psicoactivas. | H63: Secretaría de Movilidad | I63: JOAQUIN ARIAS | J63: 1 | K63: 0 | L63: =EDUVIAL_2023[[#This Row],[HOMBRE]]+EDUVIAL_2023[[#This Row],[MUJER]] -> 1 | M63: 0 | N63: 0 | O63: 0 | P63: 0 | Q63: 1 | R63: 0 | S63: =EDUVIAL_2023[[#This Row],[PRIMERA INFANCIA (Hasta 5 años)]]+EDUVIAL_2023[[#This Row],[INFANCIA (6 a 11 años)]]+EDUVIAL_2023[[#This Row],[ADOLESCENCIA (12 años a 17 años)]]+EDUVIAL_2023[[#This Row],[ADULTOS-JÓVENES (18 años a 28 años)]]+EDUVIAL_2023[[#This Row],[PERSONAS MAYORES ( Mayores de 60 años)]]+EDUVIAL_2023[[#This Row],[ADULTOS (29 años a 60 años)]] -> 1 | T63: =EDUVIAL_2023[[#This Row],[TOTAL SEXO]] -> 1 | U63: Zona 9 | V63: Centro | W63: 6.167664, -75.586311 | X63: =EXACT(EDUVIAL_2023[[#This Row],[TOTAL SEXO]],EDUVIAL_2023[[#This Row],[TOTAL RANGOS]]) -> TRUE
A64: 45750 | B64: ABRIL | C64: Educación vial en instituciones educativas | D64: Docentes secundaria | E64: Formación para el fortalecimiento de conocimientos, hábitos y comportamientos seguros | F64: Jairo Gaviria | G64: Taller con docentes | H64: I.E MARIA POUSSSEPIN | I64: Edgar arias | J64: 8 | K64: 9 | L64: =EDUVIAL_2023[[#This Row],[HOMBRE]]+EDUVIAL_2023[[#This Row],[MUJER]] -> 17 | M64: 0 | N64: 0 | O64: 0 | P64: 1 | Q64: 16 | R64: 0 | S64: =EDUVIAL_2023[[#This Row],[PRIMERA INFANCIA (Hasta 5 años)]]+EDUVIAL_2023[[#This Row],[INFANCIA (6 a 11 años)]]+EDUVIAL_2023[[#This Row],[ADOLESCENCIA (12 años a 17 años)]]+EDUVIAL_2023[[#This Row],[ADULTOS-JÓVENES (18 años a 28 años)]]+EDUVIAL_2023[[#This Row],[PERSONAS MAYORES ( Mayores de 60 años)]]+EDUVIAL_2023[[#This Row],[ADULTOS (29 años a 60 años)]] -> 17 | T64: =EDUVIAL_2023[[#This Row],[TOTAL SEXO]] -> 17 | U64: Zona 3 | V64: Uribe Ángel | W64: 6.171157, -75.577011 | X64: =EXACT(EDUVIAL_2023[[#This Row],[TOTAL SEXO]],EDUVIAL_2023[[#This Row],[TOTAL RANGOS]]) -> TRUE
A65: 45756 | B65: ABRIL | C65: Educación vial en instituciones educativas | D65: POBLACION EN GENERAL | E65: Formación para el fortalecimiento de conocimientos, hábitos y comportamientos seguros | F65: Jairo Gaviria | G65: Participacion en al semana de la salud universidad CES, con la campaña el perfecto egoista | H65: Universidad CES | I65: Diana alzate | J65: 9 | K65: 19 | L65: =EDUVIAL_2023[[#This Row],[HOMBRE]]+EDUVIAL_2023[[#This Row],[MUJER]] -> 28 | M65: 0 | N65: 0 | O65: 0 | P65: 8 | Q65: 20 | R65: 0 | S65: =EDUVIAL_2023[[#This Row],[PRIMERA INFANCIA (Hasta 5 años)]]+EDUVIAL_2023[[#This Row],[INFANCIA (6 a 11 años)]]+EDUVIAL_2023[[#This Row],[ADOLESCENCIA (12 años a 17 años)]]+EDUVIAL_2023[[#This Row],[ADULTOS-JÓVENES (18 años a 28 años)]]+EDUVIAL_2023[[#This Row],[PERSONAS MAYORES ( Mayores de 60 años)]]+EDUVIAL_2023[[#This Row],[ADULTOS (29 años a 60 años)]] -> 28 | T65: =EDUVIAL_2023[[#This Row],[TOTAL SEXO]] -> 28 | U65: Zona 10 | V65: Escobero | W65: 6.137976, -75.556539 | X65: =EXACT(EDUVIAL_2023[[#This Row],[TOTAL SEXO]],EDUVIAL_2023[[#This Row],[TOTAL RANGOS]]) -> TRUE
A66: 45757 | B66: ABRIL | C66: Educación vial en empresas | D66: Colaboradores de las diferentes dependencias de la Alcaldía | E66: Formación para el fortalecimiento de conocimientos, hábitos y comportamientos seguros | F66: Jairo Gaviria | G66: Capacitacion al personal administrativo con el taller humanizando la movilidad | H66: ENVIASEO | I66: DIANA SANCHEZ | J66: 31 | K66: 26 | L66: =EDUVIAL_2023[[#This Row],[HOMBRE]]+EDUVIAL_2023[[#This Row],[MUJER]] -> 57 | M66: 0 | N66: 0 | O66: 0 | P66: 8 | Q66: 48 | R66: 1 | S66: =EDUVIAL_2023[[#This Row],[PRIMERA INFANCIA (Hasta 5 años)]]+EDUVIAL_2023[[#This Row],[INFANCIA (6 a 11 años)]]+EDUVIAL_2023[[#This Row],[ADOLESCENCIA (12 años a 17 años)]]+EDUVIAL_2023[[#This Row],[ADULTOS-JÓVENES (18 años a 28 años)]]+EDUVIAL_2023[[#This Row],[PERSONAS MAYORES ( Mayores de 60 años)]]+EDUVIAL_2023[[#This Row],[ADULTOS (29 años a 60 años)]] -> 57 | T66: =EDUVIAL_2023[[#This Row],[TOTAL SEXO]] -> 57 | U66: Zona 8 | V66: Primavera | W66: 6.165654575218992, -75.59818573675861 | X66: =EXACT(EDUVIAL_2023[[#This Row],[TOTAL SEXO]],EDUVIAL_2023[[#This Row],[TOTAL RANGOS]]) -> TRUE
A67: 45758 | B67: ABRIL | C67: Educación vial en instituciones educativas | D67: Padres de familia | E67: Formación para el fortalecimiento de conocimientos, hábitos y comportamientos seguros | F67: Daniel Ríos | G67: Capacitacion humanizando la Movilidad, manejo y control de la circulaciuon de vehiculos, Recomendaciones movilidad segura. | H67: I.E LA PAZ | I67: ANDRES JARAMILLO | J67: 50 | K67: 130 | L67: =EDUVIAL_2023[[#This Row],[HOMBRE]]+EDUVIAL_2023[[#This Row],[MUJER]] -> 180 | M67: 0 | N67: 0 | O67: 0 | P67: 30 | Q67: 120 | R67: 30 | S67: =EDUVIAL_2023[[#This Row],[PRIMERA INFANCIA (Hasta 5 años)]]+EDUVIAL_2023[[#This Row],[INFANCIA (6 a 11 años)]]+EDUVIAL_2023[[#This Row],[ADOLESCENCIA (12 años a 17 años)]]+EDUVIAL_2023[[#This Row],[ADULTOS-JÓVENES (18 años a 28 años)]]+EDUVIAL_2023[[#This Row],[PERSONAS MAYORES ( Mayores de 60 años)]]+EDUVIAL_2023[[#This Row],[ADULTOS (29 años a 60 años)]] -> 180 | T67: =EDUVIAL_2023[[#This Row],[TOTAL SEXO]] -> 180 | U67: =VLOOKUP(EDUVIAL_2023[[#This Row],[INSTITUCIÓN O EMPRESA]],LISTAS!$J$1:$M$81,3,0) -> Zona 7 | V67: =VLOOKUP(EDUVIAL_2023[[#This Row],[INSTITUCIÓN O EMPRESA]],LISTAS!$J$1:$M$81,4,0) -> La Paz | W67: =VLOOKUP(EDUVIAL_2023[[#This Row],[INSTITUCIÓN O EMPRESA]],LISTAS!$J$1:$M$81,2,0) -> 6.162272, -75.594035 | X67: =EXACT(EDUVIAL_2023[[#This Row],[TOTAL SEXO]],EDUVIAL_2023[[#This Row],[TOTAL RANGOS]]) -> TRUE
A68: 45758 | B68: ABRIL | C68: Educación vial en instituciones educativas | D68: PRESCOLAR DESPERTARES | E68: Formación para el fortalecimiento de conocimientos, hábitos y comportamientos seguros | F68: Jairo Gaviria | G68: Conocer la importancia del peaton y el ciclista en la movilidad | H68: preescolar despertares | I68: SANDRA MORALES | J68: 2 | K68: 15 | L68: =EDUVIAL_2023[[#This Row],[HOMBRE]]+EDUVIAL_2023[[#This Row],[MUJER]] -> 17 | M68: 0 | N68: 17 | O68: 0 | P68: 0 | Q68: 0 | R68: 0 | S68: =EDUVIAL_2023[[#This Row],[PRIMERA INFANCIA (Hasta 5 años)]]+EDUVIAL_2023[[#This Row],[INFANCIA (6 a 11 años)]]+EDUVIAL_2023[[#This Row],[ADOLESCENCIA (12 años a 17 años)]]+EDUVIAL_2023[[#This Row],[ADULTOS-JÓVENES (18 años a 28 años)]]+EDUVIAL_2023[[#This Row],[PERSONAS MAYORES ( Mayores de 60 años)]]+EDUVIAL_2023[[#This Row],[ADULTOS (29 años a 60 años)]] -> 17 | T68: =EDUVIAL_2023[[#This Row],[TOTAL SEXO]] -> 17 | U68: Zona 9 | V68: Centro | W68: 6.167664, -75.586311 | X68: =EXACT(EDUVIAL_2023[[#This Row],[TOTAL SEXO]],EDUVIAL_2023[[#This Row],[TOTAL RANGOS]]) -> TRUE
A69: 45760 | B69: ABRIL | C69: Patrulla de Tránsito | D69: Población en general | E69: Participaciòn en eventos de ciudad | F69: Jairo Gaviria | G69: Procesion de ramos parroquia santa gertrudis | H69: Secretaría de Movilidad | I69: Jairo Gaviria | J69: 0 | K69: 0 | L69: =EDUVIAL_2023[[#This Row],[HOMBRE]]+EDUVIAL_2023[[#This Row],[MUJER]] -> 0 | M69: 0 | N69: 0 | O69: 0 | P69: 0 | Q69: 0 | R69: 0 | S69: =EDUVIAL_2023[[#This Row],[PRIMERA INFANCIA (Hasta 5 años)]]+EDUVIAL_2023[[#This Row],[INFANCIA (6 a 11 años)]]+EDUVIAL_2023[[#This Row],[ADOLESCENCIA (12 años a 17 años)]]+EDUVIAL_2023[[#This Row],[ADULTOS-JÓVENES (18 años a 28 años)]]+EDUVIAL_2023[[#This Row],[PERSONAS MAYORES ( Mayores de 60 años)]]+EDUVIAL_2023[[#This Row],[ADULTOS (29 años a 60 años)]] -> 0 | T69: =EDUVIAL_2023[[#This Row],[TOTAL SEXO]] -> 0 | U69: Zona 9 | V69: Centro | W69: 6.167664, -75.586311 | X69: =EXACT(EDUVIAL_2023[[#This Row],[TOTAL SEXO]],EDUVIAL_2023[[#This Row],[TOTAL RANGOS]]) -> TRUE
A70: 45761 | B70: ABRIL | C70: Experiencias ciudadanas en movilidad sostenible y segura | D70: PEATONES | E70: Formación para el fortalecimiento de conocimientos, hábitos y comportamientos seguros | F70: Jairo Gaviria | G70: Desarrollar actividades pedagógicas y artísticas en vía para mitigar conductas de riesgo que están asociadas a los siniestros viales | H70: Secretaría de Movilidad | I70: Jairo Gaviria | J70: 45 | K70: 35 | L70: =EDUVIAL_2023[[#This Row],[HOMBRE]]+EDUVIAL_2023[[#This Row],[MUJER]] -> 80 | M70: 0 | N70: 0 | O70: 20 | P70: 10 | Q70: 20 | R70: 30 | S70: =EDUVIAL_2023[[#This Row],[PRIMERA INFANCIA (Hasta 5 años)]]+EDUVIAL_2023[[#This Row],[INFANCIA (6 a 11 años)]]+EDUVIAL_2023[[#This Row],[ADOLESCENCIA (12 años a 17 años)]]+EDUVIAL_2023[[#This Row],[ADULTOS-JÓVENES (18 años a 28 años)]]+EDUVIAL_2023[[#This Row],[PERSONAS MAYORES ( Mayores de 60 años)]]+EDUVIAL_2023[[#This Row],[ADULTOS (29 años a 60 años)]] -> 80 | T70: =EDUVIAL_2023[[#This Row],[TOTAL SEXO]] -> 80 | U70: Zona 9 | V70: Centro | W70: 6.167664, -75.586311 | X70: =EXACT(EDUVIAL_2023[[#This Row],[TOTAL SEXO]],EDUVIAL_2023[[#This Row],[TOTAL RANGOS]]) -> TRUE
A71: 45763 | B71: ABRIL | C71: Patrulla de Tránsito | D71: Población en general | E71: Participaciòn en eventos de ciudad | F71: Jairo Gaviria | G71: Viacrucis infantil parroquia san jose | H71: Secretaría de Movilidad | I71: Jairo Gaviria | J71: 0 | K71: 0 | L71: =EDUVIAL_2023[[#This Row],[HOMBRE]]+EDUVIAL_2023[[#This Row],[MUJER]] -> 0 | M71: 0 | N71: 0 | O71: 0 | P71: 0 | Q71: 0 | R71: 0 | S71: =EDUVIAL_2023[[#This Row],[PRIMERA INFANCIA (Hasta 5 años)]]+EDUVIAL_2023[[#This Row],[INFANCIA (6 a 11 años)]]+EDUVIAL_2023[[#This Row],[ADOLESCENCIA (12 años a 17 años)]]+EDUVIAL_2023[[#This Row],[ADULTOS-JÓVENES (18 años a 28 años)]]+EDUVIAL_2023[[#This Row],[PERSONAS MAYORES ( Mayores de 60 años)]]+EDUVIAL_2023[[#This Row],[ADULTOS (29 años a 60 años)]] -> 0 | T71: =EDUVIAL_2023[[#This Row],[TOTAL SEXO]] -> 0 | U71: Zona 6 | V71: San José | W71: 6.158888, -75.580766 | X71: =EXACT(EDUVIAL_2023[[#This Row],[TOTAL SEXO]],EDUVIAL_2023[[#This Row],[TOTAL RANGOS]]) -> TRUE
A72: 45765 | B72: ABRIL | C72: Patrulla de Tránsito | D72: Población en general | E72: Participaciòn en eventos de ciudad | F72: Jairo Gaviria | G72: Procesion santo sepulcro | H72: Secretaría de Movilidad | I72: Jairo Gaviria | J72: 0 | K72: 0 | L72: =EDUVIAL_2023[[#This Row],[HOMBRE]]+EDUVIAL_2023[[#This Row],[MUJER]] -> 0 | M72: 0 | N72: 0 | O72: 0 | P72: 0 | Q72: 0 | R72: 0 | S72: =EDUVIAL_2023[[#This Row],[PRIMERA INFANCIA (Hasta 5 años)]]+EDUVIAL_2023[[#This Row],[INFANCIA (6 a 11 años)]]+EDUVIAL_2023[[#This Row],[ADOLESCENCIA (12 años a 17 años)]]+EDUVIAL_2023[[#This Row],[ADULTOS-JÓVENES (18 años a 28 años)]]+EDUVIAL_2023[[#This Row],[PERSONAS MAYORES ( Mayores de 60 años)]]+EDUVIAL_2023[[#This Row],[ADULTOS (29 años a 60 años)]] -> 0 | T72: =EDUVIAL_2023[[#This Row],[TOTAL SEXO]] -> 0 | U72: Zona 9 | V72: Centro | W72: 6.167664, -75.586311 | X72: =EXACT(EDUVIAL_2023[[#This Row],[TOTAL SEXO]],EDUVIAL_2023[[#This Row],[TOTAL RANGOS]]) -> TRUE
A73: 45767 | B73: ABRIL | C73: Patrulla de Tránsito | D73: Población en general | E73: Participaciòn en eventos de ciudad | F73: Jairo Gaviria | G73: Procesion de resurrecion santa gertrudis | H73: Secretaría de Movilidad | I73: Jairo Gaviria | J73: 0 | K73: 0 | L73: =EDUVIAL_2023[[#This Row],[HOMBRE]]+EDUVIAL_2023[[#This Row],[MUJER]] -> 0 | M73: 0 | N73: 0 | O73: 0 | P73: 0 | Q73: 0 | R73: 0 | S73: =EDUVIAL_2023[[#This Row],[PRIMERA INFANCIA (Hasta 5 años)]]+EDUVIAL_2023[[#This Row],[INFANCIA (6 a 11 años)]]+EDUVIAL_2023[[#This Row],[ADOLESCENCIA (12 años a 17 años)]]+EDUVIAL_2023[[#This Row],[ADULTOS-JÓVENES (18 años a 28 años)]]+EDUVIAL_2023[[#This Row],[PERSONAS MAYORES ( Mayores de 60 años)]]+EDUVIAL_2023[[#This Row],[ADULTOS (29 años a 60 años)]] -> 0 | T73: =EDUVIAL_2023[[#This Row],[TOTAL SEXO]] -> 0 | U73: Zona 9 | V73: Centro | W73: 6.167664, -75.586311 | X73: =EXACT(EDUVIAL_2023[[#This Row],[TOTAL SEXO]],EDUVIAL_2023[[#This Row],[TOTAL RANGOS]]) -> TRUE
A74: 45768 | B74: ABRIL | C74: Educación vial en instituciones educativas | D74: Estudiantes primaria | E74: Orientación y seguimiento al Plan de Movilidad Escolar | F74: Jairo Gaviria | G74: Lanzamiento del proyecto de movilidad escolar e inaguracion de la patrulla escolar | H74: I.E COMERCIAL DE ENVIGADO - SEDE PIO XII | I74: Samira Fonseca | J74: 153 | K74: 160 | L74: =EDUVIAL_2023[[#This Row],[HOMBRE]]+EDUVIAL_2023[[#This Row],[MUJER]] -> 313 | M74: 17 | N74: 288 | O74: 0 | P74: 0 | Q74: 7 | R74: 1 | S74: =EDUVIAL_2023[[#This Row],[PRIMERA INFANCIA (Hasta 5 años)]]+EDUVIAL_2023[[#This Row],[INFANCIA (6 a 11 años)]]+EDUVIAL_2023[[#This Row],[ADOLESCENCIA (12 años a 17 años)]]+EDUVIAL_2023[[#This Row],[ADULTOS-JÓVENES (18 años a 28 años)]]+EDUVIAL_2023[[#This Row],[PERSONAS MAYORES ( Mayores de 60 años)]]+EDUVIAL_2023[[#This Row],[ADULTOS (29 años a 60 años)]] -> 313 | T74: =EDUVIAL_2023[[#This Row],[TOTAL SEXO]] -> 313 | U74: =VLOOKUP(EDUVIAL_2023[[#This Row],[INSTITUCIÓN O EMPRESA]],LISTAS!$J$1:$M$81,3,0) -> Zona 9 | V74: =VLOOKUP(EDUVIAL_2023[[#This Row],[INSTITUCIÓN O EMPRESA]],LISTAS!$J$1:$M$81,4,0) -> Barrio Mesa | W74: =VLOOKUP(EDUVIAL_2023[[#This Row],[INSTITUCIÓN O EMPRESA]],LISTAS!$J$1:$M$81,2,0) -> 6.165319, -75.581362 | X74: =EXACT(EDUVIAL_2023[[#This Row],[TOTAL SEXO]],EDUVIAL_2023[[#This Row],[TOTAL RANGOS]]) -> TRUE
A75: 45769 | B75: ABRIL | C75: Centro de Educación Vial | D75: Estudiantes primaria | E75: Formación para el fortalecimiento de conocimientos, hábitos y comportamientos seguros | F75: Jairo Gaviria | G75: Enseñar a los niños la importancia de conocer y aprender las normas de transito, grados tercero y cuarto | H75: I.E. FERNANDO GONZALEZ | I75: Carolina Rendon | J75: 46 | K75: 32 | L75: =EDUVIAL_2023[[#This Row],[HOMBRE]]+EDUVIAL_2023[[#This Row],[MUJER]] -> 78 | M75: 0 | N75: 75 | O75: 0 | P75: 0 | Q75: 3 | R75: 0 | S75: =EDUVIAL_2023[[#This Row],[PRIMERA INFANCIA (Hasta 5 años)]]+EDUVIAL_2023[[#This Row],[INFANCIA (6 a 11 años)]]+EDUVIAL_2023[[#This Row],[ADOLESCENCIA (12 años a 17 años)]]+EDUVIAL_2023[[#This Row],[ADULTOS-JÓVENES (18 años a 28 años)]]+EDUVIAL_2023[[#This Row],[PERSONAS MAYORES ( Mayores de 60 años)]]+EDUVIAL_2023[[#This Row],[ADULTOS (29 años a 60 años)]] -> 78 | T75: =EDUVIAL_2023[[#This Row],[TOTAL SEXO]] -> 78 | U75: Zona 9 | V75: Centro | W75: 6.167664, -75.586311 | X75: =EXACT(EDUVIAL_2023[[#This Row],[TOTAL SEXO]],EDUVIAL_2023[[#This Row],[TOTAL RANGOS]]) -> TRUE
A76: 45770 | B76: ABRIL | C76: Centro de Educación Vial | D76: Estudiantes primaria | E76: Formación para el fortalecimiento de conocimientos, hábitos y comportamientos seguros | F76: Jairo Gaviria | G76: Enseñar a los niños la importancia de conocer y aprender las normas de transito, grados segundos | H76: I.E. FERNANDO GONZALEZ | I76: ANA CRISTINA CASTAÑO | J76: 33 | K76: 29 | L76: =EDUVIAL_2023[[#This Row],[HOMBRE]]+EDUVIAL_2023[[#This Row],[MUJER]] -> 62 | M76: 0 | N76: 60 | O76: 0 | P76: 0 | Q76: 2 | R76: 0 | S76: =EDUVIAL_2023[[#This Row],[PRIMERA INFANCIA (Hasta 5 años)]]+EDUVIAL_2023[[#This Row],[INFANCIA (6 a 11 años)]]+EDUVIAL_2023[[#This Row],[ADOLESCENCIA (12 años a 17 años)]]+EDUVIAL_2023[[#This Row],[ADULTOS-JÓVENES (18 años a 28 años)]]+EDUVIAL_2023[[#This Row],[PERSONAS MAYORES ( Mayores de 60 años)]]+EDUVIAL_2023[[#This Row],[ADULTOS (29 años a 60 años)]] -> 62 | T76: =EDUVIAL_2023[[#This Row],[TOTAL SEXO]] -> 62 | U76: Zona 9 | V76: Centro | W76: 6.167664, -75.586311 | X76: =EXACT(EDUVIAL_2023[[#This Row],[TOTAL SEXO]],EDUVIAL_2023[[#This Row],[TOTAL RANGOS]]) -> TRUE
A77: 45770 | B77: ABRIL | C77: Experiencias ciudadanas en movilidad sostenible y segura | D77: Conductores sancionados por embriaguez | E77: Orientación y seguimiento a labor comunitaria | F77: Jairo Gaviria | G77: Sensibilización en prevención de la conducción bajo los efectos del alcohol o sustancias psicoactivas. | H77: Secretaría de Movilidad | I77: JULIAN QUINTERO | J77: 1 | K77: 0 | L77: =EDUVIAL_2023[[#This Row],[HOMBRE]]+EDUVIAL_2023[[#This Row],[MUJER]] -> 1 | M77: 0 | N77: 0 | O77: 0 | P77: 1 | Q77: 0 | R77: 0 | S77: =EDUVIAL_2023[[#This Row],[PRIMERA INFANCIA (Hasta 5 años)]]+EDUVIAL_2023[[#This Row],[INFANCIA (6 a 11 años)]]+EDUVIAL_2023[[#This Row],[ADOLESCENCIA (12 años a 17 años)]]+EDUVIAL_2023[[#This Row],[ADULTOS-JÓVENES (18 años a 28 años)]]+EDUVIAL_2023[[#This Row],[PERSONAS MAYORES ( Mayores de 60 años)]]+EDUVIAL_2023[[#This Row],[ADULTOS (29 años a 60 años)]] -> 1 | T77: =EDUVIAL_2023[[#This Row],[TOTAL SEXO]] -> 1 | U77: Zona 9 | V77: Centro | W77: 6.167664, -75.586311 | X77: =EXACT(EDUVIAL_2023[[#This Row],[TOTAL SEXO]],EDUVIAL_2023[[#This Row],[TOTAL RANGOS]]) -> TRUE
A78: 45771 | B78: ABRIL | C78: Centro de Educación Vial | D78: Estudiantes primaria | E78: Formación para el fortalecimiento de conocimientos, hábitos y comportamientos seguros | F78: Jairo Gaviria | G78: Enseñar a los niños la importancia de conocer y aprender las normas de transito, grados quintos | H78: I.E. FERNANDO GONZALEZ | I78: SANDRA MILENA TAMAYO | J78: 44 | K78: 25 | L78: =EDUVIAL_2023[[#This Row],[HOMBRE]]+EDUVIAL_2023[[#This Row],[MUJER]] -> 69 | M78: 0 | N78: 66 | O78: 0 | P78: 0 | Q78: 3 | R78: 0 | S78: =EDUVIAL_2023[[#This Row],[PRIMERA INFANCIA (Hasta 5 años)]]+EDUVIAL_2023[[#This Row],[INFANCIA (6 a 11 años)]]+EDUVIAL_2023[[#This Row],[ADOLESCENCIA (12 años a 17 años)]]+EDUVIAL_2023[[#This Row],[ADULTOS-JÓVENES (18 años a 28 años)]]+EDUVIAL_2023[[#This Row],[PERSONAS MAYORES ( Mayores de 60 años)]]+EDUVIAL_2023[[#This Row],[ADULTOS (29 años a 60 años)]] -> 69 | T78: =EDUVIAL_2023[[#This Row],[TOTAL SEXO]] -> 69 | U78: Zona 9 | V78: Centro | W78: 6.167664, -75.586311 | X78: =EXACT(EDUVIAL_2023[[#This Row],[TOTAL SEXO]],EDUVIAL_2023[[#This Row],[TOTAL RANGOS]]) -> TRUE
A79: 45772 | B79: ABRIL | C79: Educación vial en empresas | D79: Colaboradores de las diferentes dependencias de la Alcaldía | E79: Formación para el fortalecimiento de conocimientos, hábitos y comportamientos seguros | F79: Daniel Ríos | G79: Stand instalaciones de ENVIASEO, capaña del Perfecto egoista, quien quiere ser el mejor actor vial, humanizando la Movilidad, manejo y control de la circulación de vehiculos, Recomendaciones movilidad segura. | H79: ENVIASEO | I79: DIANA SANCHEZ | J79: 25 | K79: 8 | L79: =EDUVIAL_2023[[#This Row],[HOMBRE]]+EDUVIAL_2023[[#This Row],[MUJER]] -> 33 | M79: 0 | N79: 0 | O79: 0 | P79: 2 | Q79: 30 | R79: 1 | S79: =EDUVIAL_2023[[#This Row],[PRIMERA INFANCIA (Hasta 5 años)]]+EDUVIAL_2023[[#This Row],[INFANCIA (6 a 11 años)]]+EDUVIAL_2023[[#This Row],[ADOLESCENCIA (12 años a 17 años)]]+EDUVIAL_2023[[#This Row],[ADULTOS-JÓVENES (18 años a 28 años)]]+EDUVIAL_2023[[#This Row],[PERSONAS MAYORES ( Mayores de 60 años)]]+EDUVIAL_2023[[#This Row],[ADULTOS (29 años a 60 años)]] -> 33 | T79: =EDUVIAL_2023[[#This Row],[TOTAL SEXO]] -> 33 | U79: Zona 8 | V79: Primavera | W79: 6.165654575218992, -75.59818573675861 | X79: =EXACT(EDUVIAL_2023[[#This Row],[TOTAL SEXO]],EDUVIAL_2023[[#This Row],[TOTAL RANGOS]]) -> TRUE
A80: 45782 | B80: MAY | C80: Educación vial en instituciones educativas | D80: Estudiantes preescolar | E80: Formación para el fortalecimiento de conocimientos, hábitos y comportamientos seguros | F80: Yuliana Ramirez | G80: Enseñar a los niños la importancia de conocer y aprender las normas de transito | H80: CDI MICHIN | I80: Daniela Sanchez | J80: 40 | K80: 61 | L80: =EDUVIAL_2023[[#This Row],[HOMBRE]]+EDUVIAL_2023[[#This Row],[MUJER]] -> 101 | M80: 99 | N80: 0 | O80: 0 | P80: 0 | Q80: 2 | S80: =EDUVIAL_2023[[#This Row],[PRIMERA INFANCIA (Hasta 5 años)]]+EDUVIAL_2023[[#This Row],[INFANCIA (6 a 11 años)]]+EDUVIAL_2023[[#This Row],[ADOLESCENCIA (12 años a 17 años)]]+EDUVIAL_2023[[#This Row],[ADULTOS-JÓVENES (18 años a 28 años)]]+EDUVIAL_2023[[#This Row],[PERSONAS MAYORES ( Mayores de 60 años)]]+EDUVIAL_2023[[#This Row],[ADULTOS (29 años a 60 años)]] -> 101 | T80: =EDUVIAL_2023[[#This Row],[TOTAL SEXO]] -> 101 | U80: Zona 6 | V80: Salado | W80: 6.153244, -75.577675 | X80: =EXACT(EDUVIAL_2023[[#This Row],[TOTAL SEXO]],EDUVIAL_2023[[#This Row],[TOTAL RANGOS]]) -> TRUE
A81: 45784 | B81: MAY | C81: Experiencias ciudadanas en movilidad sostenible y segura | D81: Conductores sancionados por embriaguez | E81: Orientación y seguimiento a labor comunitaria | F81: Jairo Gaviria | G81: Sensibilización en prevención de la conducción bajo los efectos del alcohol o sustancias psicoactivas. | H81: Secretaría de Movilidad | I81: LUZ MARINA SEPULVEDA | J81: 0 | K81: 1 | L81: =EDUVIAL_2023[[#This Row],[HOMBRE]]+EDUVIAL_2023[[#This Row],[MUJER]] -> 1 | M81: 0 | N81: 0 | O81: 0 | P81: 0 | Q81: 1 | R81: 0 | S81: =EDUVIAL_2023[[#This Row],[PRIMERA INFANCIA (Hasta 5 años)]]+EDUVIAL_2023[[#This Row],[INFANCIA (6 a 11 años)]]+EDUVIAL_2023[[#This Row],[ADOLESCENCIA (12 años a 17 años)]]+EDUVIAL_2023[[#This Row],[ADULTOS-JÓVENES (18 años a 28 años)]]+EDUVIAL_2023[[#This Row],[PERSONAS MAYORES ( Mayores de 60 años)]]+EDUVIAL_2023[[#This Row],[ADULTOS (29 años a 60 años)]] -> 1 | T81: =EDUVIAL_2023[[#This Row],[TOTAL SEXO]] -> 1 | U81: Zona 9 | V81: Centro | W81: 6.167664, -75.586311 | X81: =EXACT(EDUVIAL_2023[[#This Row],[TOTAL SEXO]],EDUVIAL_2023[[#This Row],[TOTAL RANGOS]]) -> TRUE
A82: 45784 | B82: MAY | C82: Experiencias ciudadanas en movilidad sostenible y segura | D82: Conductores sancionados por embriaguez | E82: Orientación y seguimiento a labor comunitaria | F82: Jairo Gaviria | G82: Sensibilización en prevención de la conducción bajo los efectos del alcohol o sustancias psicoactivas. | H82: Secretaría de Movilidad | I82: Cristian Usuga | J82: 1 | K82: 0 | L82: =EDUVIAL_2023[[#This Row],[HOMBRE]]+EDUVIAL_2023[[#This Row],[MUJER]] -> 1 | M82: 0 | N82: 0 | O82: 0 | P82: 0 | Q82: 1 | R82: 0 | S82: =EDUVIAL_2023[[#This Row],[PRIMERA INFANCIA (Hasta 5 años)]]+EDUVIAL_2023[[#This Row],[INFANCIA (6 a 11 años)]]+EDUVIAL_2023[[#This Row],[ADOLESCENCIA (12 años a 17 años)]]+EDUVIAL_2023[[#This Row],[ADULTOS-JÓVENES (18 años a 28 años)]]+EDUVIAL_2023[[#This Row],[PERSONAS MAYORES ( Mayores de 60 años)]]+EDUVIAL_2023[[#This Row],[ADULTOS (29 años a 60 años)]] -> 1 | T82: =EDUVIAL_2023[[#This Row],[TOTAL SEXO]] -> 1 | U82: Zona 9 | V82: Centro | W82: 6.167664, -75.586311 | X82: =EXACT(EDUVIAL_2023[[#This Row],[TOTAL SEXO]],EDUVIAL_2023[[#This Row],[TOTAL RANGOS]]) -> TRUE
A83: 45784 | B83: MAY | C83: Experiencias ciudadanas en movilidad sostenible y segura | D83: Conductores sancionados por embriaguez | E83: Orientación y seguimiento a labor comunitaria | F83: Jairo Gaviria | G83: Sensibilización en prevención de la conducción bajo los efectos del alcohol o sustancias psicoactivas. | H83: Secretaría de Movilidad | I83: KEVIN ANDREY AGUDELO | J83: 1 | K83: 0 | L83: =EDUVIAL_2023[[#This Row],[HOMBRE]]+EDUVIAL_2023[[#This Row],[MUJER]] -> 1 | M83: 0 | N83: 0 | O83: 0 | P83: 0 | Q83: 1 | R83: 0 | T83: =EDUVIAL_2023[[#This Row],[TOTAL SEXO]] -> 1 | U83: Zona 9 | V83: Centro | W83: 6.167664, -75.586311 | X83: =EXACT(EDUVIAL_2023[[#This Row],[TOTAL SEXO]],EDUVIAL_2023[[#This Row],[TOTAL RANGOS]]) -> FALSE
A84: 45786 | B84: MAY | C84: Educación vial en instituciones educativas | D84: Docentes de primaria instituciones educativas | E84: Ofrecimiento de servicios de educación vial | F84: Jairo Gaviria | G84: Capacitacion con los docentes sobre la transversalizacion de educacion vial con las diferentes areas del conocimiento al igual que las actividades con los alumnos de primaria | H84: I.E SAN VICENTE DE PAUL | I84: Maria Fernanda Rojas | J84: 1 | K84: 5 | L84: =EDUVIAL_2023[[#This Row],[HOMBRE]]+EDUVIAL_2023[[#This Row],[MUJER]] -> 6 | M84: 0 | N84: 0 | O84: 0 | P84: 1 | Q84: 5 | R84: 0 | S84: =EDUVIAL_2023[[#This Row],[PRIMERA INFANCIA (Hasta 5 años)]]+EDUVIAL_2023[[#This Row],[INFANCIA (6 a 11 años)]]+EDUVIAL_2023[[#This Row],[ADOLESCENCIA (12 años a 17 años)]]+EDUVIAL_2023[[#This Row],[ADULTOS-JÓVENES (18 años a 28 años)]]+EDUVIAL_2023[[#This Row],[PERSONAS MAYORES ( Mayores de 60 años)]]+EDUVIAL_2023[[#This Row],[ADULTOS (29 años a 60 años)]] -> 6 | T84: =EDUVIAL_2023[[#This Row],[TOTAL SEXO]] -> 6 | U84: Zona 7 | V84: Alto de las Flores | W84: 6.155359, -75.600822 | X84: =EXACT(EDUVIAL_2023[[#This Row],[TOTAL SEXO]],EDUVIAL_2023[[#This Row],[TOTAL RANGOS]]) -> TRUE
A85: 45786 | B85: MAY | C85: Educación vial en instituciones educativas | D85: Estudiantes preescolar | E85: Experiencia ciudadana en movilidad sostenible y segura | F85: Jairo Gaviria | G85: Enseñar a los niños la importancia de conocer y aprender las normas de transito. Grados transición y primero | H85: I.E JOSE MANUEL RESTREPO VELEZ - SEDE FERNANDO GONZALEZ | I85: Gloria Rojas | J85: 40 | K85: 20 | L85: =EDUVIAL_2023[[#This Row],[HOMBRE]]+EDUVIAL_2023[[#This Row],[MUJER]] -> 60 | M85: 60 | N85: 0 | O85: 0 | P85: 0 | Q85: 0 | R85: 0 | S85: =EDUVIAL_2023[[#This Row],[PRIMERA INFANCIA (Hasta 5 años)]]+EDUVIAL_2023[[#This Row],[INFANCIA (6 a 11 años)]]+EDUVIAL_2023[[#This Row],[ADOLESCENCIA (12 años a 17 años)]]+EDUVIAL_2023[[#This Row],[ADULTOS-JÓVENES (18 años a 28 años)]]+EDUVIAL_2023[[#This Row],[PERSONAS MAYORES ( Mayores de 60 años)]]+EDUVIAL_2023[[#This Row],[ADULTOS (29 años a 60 años)]] -> 60 | T85: =EDUVIAL_2023[[#This Row],[TOTAL SEXO]] -> 60 | U85: Zona 9 | V85: Centro | W85: 6.167664, -75.586311 | X85: =EXACT(EDUVIAL_2023[[#This Row],[TOTAL SEXO]],EDUVIAL_2023[[#This Row],[TOTAL RANGOS]]) -> TRUE
A86: 45789 | B86: MAY | C86: Educación vial en instituciones educativas | D86: Estudiantes secundaria | E86: Formación para el fortalecimiento de conocimientos, hábitos y comportamientos seguros | F86: Jairo Gaviria | G86: Capacitar a los alumnos sobre la importancia que tenemos como diferentes actores viales grado sexto | H86: I.E MANUEL URIBE ANGEL | I86: Willian florez | J86: 58 | K86: 50 | L86: =EDUVIAL_2023[[#This Row],[HOMBRE]]+EDUVIAL_2023[[#This Row],[MUJER]] -> 108 | M86: 0 | N86: 0 | O86: 108 | P86: 0 | Q86: 0 | R86: 0 | S86: =EDUVIAL_2023[[#This Row],[PRIMERA INFANCIA (Hasta 5 años)]]+EDUVIAL_2023[[#This Row],[INFANCIA (6 a 11 años)]]+EDUVIAL_2023[[#This Row],[ADOLESCENCIA (12 años a 17 años)]]+EDUVIAL_2023[[#This Row],[ADULTOS-JÓVENES (18 años a 28 años)]]+EDUVIAL_2023[[#This Row],[PERSONAS MAYORES ( Mayores de 60 años)]]+EDUVIAL_2023[[#This Row],[ADULTOS (29 años a 60 años)]] -> 108 | T86: =EDUVIAL_2023[[#This Row],[TOTAL SEXO]] -> 108 | U86: Zona 8 | V86: Alcalà | W86: 6.170375, -75.589731 | X86: =EXACT(EDUVIAL_2023[[#This Row],[TOTAL SEXO]],EDUVIAL_2023[[#This Row],[TOTAL RANGOS]]) -> TRUE
A87: 45789 | B87: MAY | C87: Educación vial en instituciones educativas | D87: Estudiantes secundaria | E87: Formación para el fortalecimiento de conocimientos, hábitos y comportamientos seguros | F87: Jairo Gaviria | G87: Capacitar a los alumnos sobre la importancia que tenemos como diferentes actores viales grado septimo | H87: I.E MANUEL URIBE ANGEL | I87: Willian florez | J87: 63 | K87: 46 | L87: =EDUVIAL_2023[[#This Row],[HOMBRE]]+EDUVIAL_2023[[#This Row],[MUJER]] -> 109 | M87: 0 | N87: 0 | O87: 109 | P87: 0 | Q87: 0 | R87: 0 | S87: =EDUVIAL_2023[[#This Row],[PRIMERA INFANCIA (Hasta 5 años)]]+EDUVIAL_2023[[#This Row],[INFANCIA (6 a 11 años)]]+EDUVIAL_2023[[#This Row],[ADOLESCENCIA (12 años a 17 años)]]+EDUVIAL_2023[[#This Row],[ADULTOS-JÓVENES (18 años a 28 años)]]+EDUVIAL_2023[[#This Row],[PERSONAS MAYORES ( Mayores de 60 años)]]+EDUVIAL_2023[[#This Row],[ADULTOS (29 años a 60 años)]] -> 109 | T87: =EDUVIAL_2023[[#This Row],[TOTAL SEXO]] -> 109 | U87: Zona 8 | V87: Alcalà | W87: 6.170375, -75.589731 | X87: =EXACT(EDUVIAL_2023[[#This Row],[TOTAL SEXO]],EDUVIAL_2023[[#This Row],[TOTAL RANGOS]]) -> TRUE
A88: 45790 | B88: MAY | C88: Educación vial en instituciones educativas | D88: Estudiantes primaria | E88: Formación para el fortalecimiento de conocimientos, hábitos y comportamientos seguros | F88: Jairo Gaviria | G88: Enseñar a los niños la importancia de conocer y aprender las normas de transito, grados transicion | H88: I.E JOSE MANUEL RESTREPO VELEZ - SEDE FERNANDO GONZALEZ | I88: Ana Cristrina Ramirez | J88: 15 | K88: 20 | L88: =EDUVIAL_2023[[#This Row],[HOMBRE]]+EDUVIAL_2023[[#This Row],[MUJER]] -> 35 | M88: 0 | N88: 35 | O88: 0 | P88: 0 | Q88: 0 | R88: 0 | S88: =EDUVIAL_2023[[#This Row],[PRIMERA INFANCIA (Hasta 5 años)]]+EDUVIAL_2023[[#This Row],[INFANCIA (6 a 11 años)]]+EDUVIAL_2023[[#This Row],[ADOLESCENCIA (12 años a 17 años)]]+EDUVIAL_2023[[#This Row],[ADULTOS-JÓVENES (18 años a 28 años)]]+EDUVIAL_2023[[#This Row],[PERSONAS MAYORES ( Mayores de 60 años)]]+EDUVIAL_2023[[#This Row],[ADULTOS (29 años a 60 años)]] -> 35 | T88: =EDUVIAL_2023[[#This Row],[TOTAL SEXO]] -> 35 | U88: Zona 9 | V88: Centro | W88: 6.167664, -75.586311 | X88: =EXACT(EDUVIAL_2023[[#This Row],[TOTAL SEXO]],EDUVIAL_2023[[#This Row],[TOTAL RANGOS]]) -> TRUE
A89: 45790 | B89: MAY | C89: Experiencias ciudadanas en movilidad sostenible y segura | D89: Conductores sancionados por embriaguez | E89: Orientación y seguimiento a labor comunitaria | F89: Jairo Gaviria | G89: Sensibilización en prevención de la conducción bajo los efectos del alcohol o sustancias psicoactivas. | H89: Secrestaria de Movilidad | I89: Alber Yeison Morales | J89: 1 | K89: 0 | L89: =EDUVIAL_2023[[#This Row],[HOMBRE]]+EDUVIAL_2023[[#This Row],[MUJER]] -> 1 | M89: 0 | N89: 0 | O89: 0 | P89: 0 | Q89: 1 | R89: 0 | S89: =EDUVIAL_2023[[#This Row],[PRIMERA INFANCIA (Hasta 5 años)]]+EDUVIAL_2023[[#This Row],[INFANCIA (6 a 11 años)]]+EDUVIAL_2023[[#This Row],[ADOLESCENCIA (12 años a 17 años)]]+EDUVIAL_2023[[#This Row],[ADULTOS-JÓVENES (18 años a 28 años)]]+EDUVIAL_2023[[#This Row],[PERSONAS MAYORES ( Mayores de 60 años)]]+EDUVIAL_2023[[#This Row],[ADULTOS (29 años a 60 años)]] -> 1 | T89: =EDUVIAL_2023[[#This Row],[TOTAL SEXO]] -> 1 | U89: Zona 9 | V89: Centro | W89: 6.167664, -75.586311 | X89: =EXACT(EDUVIAL_2023[[#This Row],[TOTAL SEXO]],EDUVIAL_2023[[#This Row],[TOTAL RANGOS]]) -> TRUE
A90: 45790 | B90: MAY | C90: Educación vial en instituciones educativas | D90: Estudiantes secundaria | E90: Formación para el fortalecimiento de conocimientos, hábitos y comportamientos seguros | F90: Jairo Gaviria | G90: Capacitar a los alumnos sobre la importancia que tenemos como diferentes actores viales grado octavo | H90: I.E MANUEL URIBE ANGEL | I90: Willian florez | J90: 59 | K90: 59 | L90: =EDUVIAL_2023[[#This Row],[HOMBRE]]+EDUVIAL_2023[[#This Row],[MUJER]] -> 118 | M90: 0 | N90: 0 | O90: 118 | P90: 0 | Q90: 0 | R90: 0 | S90: =EDUVIAL_2023[[#This Row],[PRIMERA INFANCIA (Hasta 5 años)]]+EDUVIAL_2023[[#This Row],[INFANCIA (6 a 11 años)]]+EDUVIAL_2023[[#This Row],[ADOLESCENCIA (12 años a 17 años)]]+EDUVIAL_2023[[#This Row],[ADULTOS-JÓVENES (18 años a 28 años)]]+EDUVIAL_2023[[#This Row],[PERSONAS MAYORES ( Mayores de 60 años)]]+EDUVIAL_2023[[#This Row],[ADULTOS (29 años a 60 años)]] -> 118 | T90: =EDUVIAL_2023[[#This Row],[TOTAL SEXO]] -> 118 | U90: Zona 8 | V90: Alcalà | W90: 6.170375, -75.589731 | X90: =EXACT(EDUVIAL_2023[[#This Row],[TOTAL SEXO]],EDUVIAL_2023[[#This Row],[TOTAL RANGOS]]) -> TRUE
A91: 45790 | B91: MAY | C91: Educación vial en instituciones educativas | D91: Estudiantes secundaria | E91: Formación para el fortalecimiento de conocimientos, hábitos y comportamientos seguros | F91: Jairo Gaviria | G91: Capacitar a los alumnos sobre la importancia que tenemos como diferentes actores viales grado novena | H91: I.E MANUEL URIBE ANGEL | I91: Willian florez | J91: 58 | K91: 72 | L91: =EDUVIAL_2023[[#This Row],[HOMBRE]]+EDUVIAL_2023[[#This Row],[MUJER]] -> 130 | M91: 0 | N91: 0 | O91: 130 | P91: 0 | Q91: 0 | R91: 0 | S91: =EDUVIAL_2023[[#This Row],[PRIMERA INFANCIA (Hasta 5 años)]]+EDUVIAL_2023[[#This Row],[INFANCIA (6 a 11 años)]]+EDUVIAL_2023[[#This Row],[ADOLESCENCIA (12 años a 17 años)]]+EDUVIAL_2023[[#This Row],[ADULTOS-JÓVENES (18 años a 28 años)]]+EDUVIAL_2023[[#This Row],[PERSONAS MAYORES ( Mayores de 60 años)]]+EDUVIAL_2023[[#This Row],[ADULTOS (29 años a 60 años)]] -> 130 | T91: =EDUVIAL_2023[[#This Row],[TOTAL SEXO]] -> 130 | U91: Zona 8 | V91: Alcalà | W91: 6.170375, -75.589731 | X91: =EXACT(EDUVIAL_2023[[#This Row],[TOTAL SEXO]],EDUVIAL_2023[[#This Row],[TOTAL RANGOS]]) -> TRUE
A92: 45791 | B92: MAY | C92: Educación vial en instituciones educativas | D92: Estudiantes secundaria | E92: Formación para el fortalecimiento de conocimientos, hábitos y comportamientos seguros | F92: Jairo Gaviria | G92: Capacitar a los alumnos sobre la importancia que tenemos como diferentes actores viales grado decimo | H92: I.E MANUEL URIBE ANGEL | I92: Willian florez | J92: 71 | K92: 50 | L92: =EDUVIAL_2023[[#This Row],[HOMBRE]]+EDUVIAL_2023[[#This Row],[MUJER]] -> 121 | M92: 0 | N92: 0 | O92: 121 | P92: 0 | Q92: 0 | R92: 0 | S92: =EDUVIAL_2023[[#This Row],[PRIMERA INFANCIA (Hasta 5 años)]]+EDUVIAL_2023[[#This Row],[INFANCIA (6 a 11 años)]]+EDUVIAL_2023[[#This Row],[ADOLESCENCIA (12 años a 17 años)]]+EDUVIAL_2023[[#This Row],[ADULTOS-JÓVENES (18 años a 28 años)]]+EDUVIAL_2023[[#This Row],[PERSONAS MAYORES ( Mayores de 60 años)]]+EDUVIAL_2023[[#This Row],[ADULTOS (29 años a 60 años)]] -> 121 | T92: =EDUVIAL_2023[[#This Row],[TOTAL SEXO]] -> 121 | U92: Zona 8 | V92: Alcalà | W92: 6.170375, -75.589731 | X92: =EXACT(EDUVIAL_2023[[#This Row],[TOTAL SEXO]],EDUVIAL_2023[[#This Row],[TOTAL RANGOS]]) -> TRUE
A93: 45791 | B93: MAY | C93: Educación vial en instituciones educativas | D93: Estudiantes secundaria | E93: Formación para el fortalecimiento de conocimientos, hábitos y comportamientos seguros | F93: Jairo Gaviria | G93: Capacitar a los alumnos sobre la importancia que tenemos como diferentes actores viales grado once | H93: I.E MANUEL URIBE ANGEL | I93: Willian florez | J93: 55 | K93: 57 | L93: =EDUVIAL_2023[[#This Row],[HOMBRE]]+EDUVIAL_2023[[#This Row],[MUJER]] -> 112 | M93: 0 | N93: 0 | O93: 104 | P93: 8 | Q93: 0 | R93: 0 | S93: =EDUVIAL_2023[[#This Row],[PRIMERA INFANCIA (Hasta 5 años)]]+EDUVIAL_2023[[#This Row],[INFANCIA (6 a 11 años)]]+EDUVIAL_2023[[#This Row],[ADOLESCENCIA (12 años a 17 años)]]+EDUVIAL_2023[[#This Row],[ADULTOS-JÓVENES (18 años a 28 años)]]+EDUVIAL_2023[[#This Row],[PERSONAS MAYORES ( Mayores de 60 años)]]+EDUVIAL_2023[[#This Row],[ADULTOS (29 años a 60 años)]] -> 112 | T93: =EDUVIAL_2023[[#This Row],[TOTAL SEXO]] -> 112 | U93: Zona 8 | V93: Alcalà | W93: 6.170375, -75.589731 | X93: =EXACT(EDUVIAL_2023[[#This Row],[TOTAL SEXO]],EDUVIAL_2023[[#This Row],[TOTAL RANGOS]]) -> TRUE
A94: 45792 | B94: MAY | C94: Educación vial en instituciones educativas | D94: Padres de familia | E94: Sensibilización en movilidad sostenible y segura | F94: Jairo Gaviria | G94: Escuela de padres con el tema Humanizando la Movilidad | H94: I.E JOSE MIGUEL DE LA CALLE | I94: Lineth Patricia Hernandez | J94: 5 | K94: 28 | L94: =EDUVIAL_2023[[#This Row],[HOMBRE]]+EDUVIAL_2023[[#This Row],[MUJER]] -> 33 | M94: 0 | N94: 0 | O94: 0 | P94: 1 | Q94: 32 | R94: 0 | S94: =EDUVIAL_2023[[#This Row],[PRIMERA INFANCIA (Hasta 5 años)]]+EDUVIAL_2023[[#This Row],[INFANCIA (6 a 11 años)]]+EDUVIAL_2023[[#This Row],[ADOLESCENCIA (12 años a 17 años)]]+EDUVIAL_2023[[#This Row],[ADULTOS-JÓVENES (18 años a 28 años)]]+EDUVIAL_2023[[#This Row],[PERSONAS MAYORES ( Mayores de 60 años)]]+EDUVIAL_2023[[#This Row],[ADULTOS (29 años a 60 años)]] -> 33 | T94: =EDUVIAL_2023[[#This Row],[TOTAL SEXO]] -> 33 | U94: Zona 9 | V94: Barrio Obrero | W94: 6.172741, -75.581248 | X94: =EXACT(EDUVIAL_2023[[#This Row],[TOTAL SEXO]],EDUVIAL_2023[[#This Row],[TOTAL RANGOS]]) -> TRUE
A95: 45792 | B95: MAY | C95: Centro de Educación Vial | D95: Estudiantes primaria | E95: Formación para el fortalecimiento de conocimientos, hábitos y comportamientos seguros | F95: Yuliana Ramirez | G95: Visita al C.E.V del grado Transicion | H95: I.E ALEJANDRO VELEZ BARRIENTOS | I95: Liliana Restrepo | J95: 18 | K95: 12 | L95: =EDUVIAL_2023[[#This Row],[HOMBRE]]+EDUVIAL_2023[[#This Row],[MUJER]] -> 30 | M95: 0 | N95: 30 | O95: 0 | P95: 0 | Q95: 0 | R95: 0 | S95: =EDUVIAL_2023[[#This Row],[PRIMERA INFANCIA (Hasta 5 años)]]+EDUVIAL_2023[[#This Row],[INFANCIA (6 a 11 años)]]+EDUVIAL_2023[[#This Row],[ADOLESCENCIA (12 años a 17 años)]]+EDUVIAL_2023[[#This Row],[ADULTOS-JÓVENES (18 años a 28 años)]]+EDUVIAL_2023[[#This Row],[PERSONAS MAYORES ( Mayores de 60 años)]]+EDUVIAL_2023[[#This Row],[ADULTOS (29 años a 60 años)]] -> 30 | T95: =EDUVIAL_2023[[#This Row],[TOTAL SEXO]] -> 30 | U95: Zona 9 | V95: Centro | W95: 6.167664, -75.586311 | X95: =EXACT(EDUVIAL_2023[[#This Row],[TOTAL SEXO]],EDUVIAL_2023[[#This Row],[TOTAL RANGOS]]) -> TRUE
... A105: 45803 | B105: MAY | C105: Experiencias ciudadanas en movilidad sostenible y segura | D105: Conductores sancionados por embriaguez | E105: Orientación y seguimiento a labor comunitaria | F105: Jairo Gaviria | G105: Sensibilización en prevención de la conducción bajo los efectos del alcohol o sustancias psicoactivas. | H105: Secretaría de Movilidad | I105: Obander Jaramillo | J105: 1 | K105: 0 | L105: =EDUVIAL_2023[[#This Row],[HOMBRE]]+EDUVIAL_2023[[#This Row],[MUJER]] -> 1 | M105: 0 | N105: 0 | O105: 0 | P105: 0 | Q105: 1 | R105: 0 | S105: =EDUVIAL_2023[[#This Row],[PRIMERA INFANCIA (Hasta 5 años)]]+EDUVIAL_2023[[#This Row],[INFANCIA (6 a 11 años)]]+EDUVIAL_2023[[#This Row],[ADOLESCENCIA (12 años a 17 años)]]+EDUVIAL_2023[[#This Row],[ADULTOS-JÓVENES (18 años a 28 años)]]+EDUVIAL_2023[[#This Row],[PERSONAS MAYORES ( Mayores de 60 años)]]+EDUVIAL_2023[[#This Row],[ADULTOS (29 años a 60 años)]] -> 1 | T105: =EDUVIAL_2023[[#This Row],[TOTAL SEXO]] -> 1 | U105: Zona 9 | V105: Centro | W105: 6.172711, -75.586413 | X105: =EXACT(EDUVIAL_2023[[#This Row],[TOTAL SEXO]],EDUVIAL_2023[[#This Row],[TOTAL RANGOS]]) -> TRUE
A106: 45803 | B106: MAY | C106: Educación vial en instituciones educativas | D106: Estudiantes secundaria | E106: Formación para el fortalecimiento de conocimientos, hábitos y comportamientos seguros | F106: Jairo Gaviria | G106: Capacitar a los alumnos sobre la importancia que tenemos como diferentes actores viales grado 6 | H106: I.E JOSE MANUEL RESTREPO VELEZ | I106: Jhon Miranda | J106: 57 | K106: 54 | L106: =EDUVIAL_2023[[#This Row],[HOMBRE]]+EDUVIAL_2023[[#This Row],[MUJER]] -> 111 | M106: 0 | N106: 0 | O106: 111 | P106: 0 | Q106: 0 | R106: 0 | S106: =EDUVIAL_2023[[#This Row],[PRIMERA INFANCIA (Hasta 5 años)]]+EDUVIAL_2023[[#This Row],[INFANCIA (6 a 11 años)]]+EDUVIAL_2023[[#This Row],[ADOLESCENCIA (12 años a 17 años)]]+EDUVIAL_2023[[#This Row],[ADULTOS-JÓVENES (18 años a 28 años)]]+EDUVIAL_2023[[#This Row],[PERSONAS MAYORES ( Mayores de 60 años)]]+EDUVIAL_2023[[#This Row],[ADULTOS (29 años a 60 años)]] -> 111 | T106: =EDUVIAL_2023[[#This Row],[TOTAL SEXO]] -> 111 | U106: =VLOOKUP(EDUVIAL_2023[[#This Row],[INSTITUCIÓN O EMPRESA]],LISTAS!$J$1:$M$81,3,0) -> Zona 8 | V106: Alcalà | W106: =VLOOKUP(EDUVIAL_2023[[#This Row],[INSTITUCIÓN O EMPRESA]],LISTAS!$J$1:$M$81,2,0) -> 6.171594, -75.591214 | X106: =EXACT(EDUVIAL_2023[[#This Row],[TOTAL SEXO]],EDUVIAL_2023[[#This Row],[TOTAL RANGOS]]) -> TRUE
A107: 45804 | B107: MAY | C107: Educación vial en instituciones educativas | D107: Estudiantes secundaria | E107: Formación para el fortalecimiento de conocimientos, hábitos y comportamientos seguros | F107: Jairo Gaviria | G107: Capacitar a los alumnos sobre la importancia que tenemos como diferentes actores viales grado 7-8 | H107: I.E JOSE MANUEL RESTREPO VELEZ | I107: Jhon Miranda | J107: 108 | K107: 100 | L107: =EDUVIAL_2023[[#This Row],[HOMBRE]]+EDUVIAL_2023[[#This Row],[MUJER]] -> 208 | M107: 0 | N107: 0 | O107: 208 | P107: 0 | Q107: 0 | R107: 0 | S107: =EDUVIAL_2023[[#This Row],[PRIMERA INFANCIA (Hasta 5 años)]]+EDUVIAL_2023[[#This Row],[INFANCIA (6 a 11 años)]]+EDUVIAL_2023[[#This Row],[ADOLESCENCIA (12 años a 17 años)]]+EDUVIAL_2023[[#This Row],[ADULTOS-JÓVENES (18 años a 28 años)]]+EDUVIAL_2023[[#This Row],[PERSONAS MAYORES ( Mayores de 60 años)]]+EDUVIAL_2023[[#This Row],[ADULTOS (29 años a 60 años)]] -> 208 | T107: =EDUVIAL_2023[[#This Row],[TOTAL SEXO]] -> 208 | U107: =VLOOKUP(EDUVIAL_2023[[#This Row],[INSTITUCIÓN O EMPRESA]],LISTAS!$J$1:$M$81,3,0) -> Zona 8 | V107: Alcalà | W107: =VLOOKUP(EDUVIAL_2023[[#This Row],[INSTITUCIÓN O EMPRESA]],LISTAS!$J$1:$M$81,2,0) -> 6.171594, -75.591214 | X107: =EXACT(EDUVIAL_2023[[#This Row],[TOTAL SEXO]],EDUVIAL_2023[[#This Row],[TOTAL RANGOS]]) -> TRUE
A108: 45805 | B108: MAY | C108: Educación vial en instituciones educativas | D108: Estudiantes secundaria | E108: Formación para el fortalecimiento de conocimientos, hábitos y comportamientos seguros | F108: Jairo Gaviria | G108: Capacitar a los alumnos sobre la importancia que tenemos como diferentes actores viales grado 10 | H108: I.E JOSE MANUEL RESTREPO VELEZ | I108: Jhon Miranda | J108: 60 | K108: 50 | L108: =EDUVIAL_2023[[#This Row],[HOMBRE]]+EDUVIAL_2023[[#This Row],[MUJER]] -> 110 | M108: 0 | N108: 0 | O108: 110 | P108: 0 | Q108: 0 | R108: 0 | S108: =EDUVIAL_2023[[#This Row],[PRIMERA INFANCIA (Hasta 5 años)]]+EDUVIAL_2023[[#This Row],[INFANCIA (6 a 11 años)]]+EDUVIAL_2023[[#This Row],[ADOLESCENCIA (12 años a 17 años)]]+EDUVIAL_2023[[#This Row],[ADULTOS-JÓVENES (18 años a 28 años)]]+EDUVIAL_2023[[#This Row],[PERSONAS MAYORES ( Mayores de 60 años)]]+EDUVIAL_2023[[#This Row],[ADULTOS (29 años a 60 años)]] -> 110 | T108: =EDUVIAL_2023[[#This Row],[TOTAL SEXO]] -> 110 | U108: =VLOOKUP(EDUVIAL_2023[[#This Row],[INSTITUCIÓN O EMPRESA]],LISTAS!$J$1:$M$81,3,0) -> Zona 8 | V108: Alcalà | W108: =VLOOKUP(EDUVIAL_2023[[#This Row],[INSTITUCIÓN O EMPRESA]],LISTAS!$J$1:$M$81,2,0) -> 6.171594, -75.591214 | X108: =EXACT(EDUVIAL_2023[[#This Row],[TOTAL SEXO]],EDUVIAL_2023[[#This Row],[TOTAL RANGOS]]) -> TRUE
A109: 45805 | B109: MAY | C109: Educación vial en instituciones educativas | D109: Estudiantes secundaria | E109: Formación para el fortalecimiento de conocimientos, hábitos y comportamientos seguros | F109: Jairo Gaviria | G109: Capacitar a los alumnos sobre la importancia que tenemos como diferentes actores viales grado 11 | H109: I.E JOSE MANUEL RESTREPO VELEZ | I109: Jhon Miranda | J109: 68 | K109: 59 | L109: =EDUVIAL_2023[[#This Row],[HOMBRE]]+EDUVIAL_2023[[#This Row],[MUJER]] -> 127 | M109: 0 | N109: 0 | O109: 127 | P109: 0 | Q109: 0 | R109: 0 | S109: =EDUVIAL_2023[[#This Row],[PRIMERA INFANCIA (Hasta 5 años)]]+EDUVIAL_2023[[#This Row],[INFANCIA (6 a 11 años)]]+EDUVIAL_2023[[#This Row],[ADOLESCENCIA (12 años a 17 años)]]+EDUVIAL_2023[[#This Row],[ADULTOS-JÓVENES (18 años a 28 años)]]+EDUVIAL_2023[[#This Row],[PERSONAS MAYORES ( Mayores de 60 años)]]+EDUVIAL_2023[[#This Row],[ADULTOS (29 años a 60 años)]] -> 127 | T109: =EDUVIAL_2023[[#This Row],[TOTAL SEXO]] -> 127 | U109: =VLOOKUP(EDUVIAL_2023[[#This Row],[INSTITUCIÓN O EMPRESA]],LISTAS!$J$1:$M$81,3,0) -> Zona 8 | V109: Alcalà | W109: =VLOOKUP(EDUVIAL_2023[[#This Row],[INSTITUCIÓN O EMPRESA]],LISTAS!$J$1:$M$81,2,0) -> 6.171594, -75.591214 | X109: =EXACT(EDUVIAL_2023[[#This Row],[TOTAL SEXO]],EDUVIAL_2023[[#This Row],[TOTAL RANGOS]]) -> TRUE
...

Sheet FORMACION CIUDADANA I TR
E2: INDICADORES DE GESTIÓN FORMACION CIUDADANA 2024
B9: TRIMESTRE | C9: PRIMER
B11: INDICADOR | C11: Variación de la Demanda
B12: DESCRIPCION | C12: Expresa la variación en la demanda de los servicios de una secretaría por parte de la comunidad respecto de un periodo a otro
B13: FORMULA | C13: (Numero solicitudes Solucionadas Periodo Actual - Numero Solicitudes Solucionadas Periodo Anterior) / Numero Solicitudes Solucionadas Periodo anterior * 100
B15: Suma de TOTAL SEXO | C15: PÚBLICOS
B16: MES | C16: Agentes de Tránsito | D16: Auxiliares de tránsito | E16: Ciclistas | F16: Colaboradores de las diferentes dependencias de la Alcaldía | G16: Conductores de transporte público (taxis) | H16: Conductores en general | I16: Conductores sancionados por embriaguez | J16: Docentes de primaria instituciones educativas | K16: Docentes de secundaria instituciones educativas | L16: Empleados de empresas comerciales y de servicios del municipio | M16: Estudiantes primaria | N16: Estudiantes secundaria | O16: Integrantes patrulla de trànsito | P16: Motociclistas | Q16: Niños y niñas de 4 a 7 años | R16: Padres de familia | S16: Peatones | T16: Personas mayores | U16: Población en general | V16: Rectores de instituciones educativas | W16: Transportadores escolares | X16: Total general trimestre
B17: ENE | I17: 1 | K17: 1 | W17: 16 | X17: 18
B18: FEB | D18: 7 | F18: 124 | H18: 54 | I18: 1 | J18: 1 | K18: 5 | X18: 192
B19: MAR | D19: 7 | E19: 20 | F19: 26 | H19: 36 | I19: 5 | L19: 7 | P19: 42 | R19: 15 | S19: 250 | X19: 408
B20: ABR | D20: 5 | E20: 41 | F20: 2 | G20: 5 | I20: 2 | J20: 44 | K20: 2 | M20: 275 | N20: 254 | Q20: 619 | T20: 22 | U20: 358 | V20: 60 | X20: 1689
B21: MAY | C21: 17 | D21: 8 | F21: 44 | I21: 2 | J21: 20 | K21: 9 | L21: 75 | M21: 598 | N21: 5 | O21: 37 | P21: 208 | R21: 83 | U21: 14 | X21: 1120
B22: Total general trimestre | C22: 17 | D22: 27 | E22: 61 | F22: 196 | G22: 5 | H22: 90 | I22: 11 | J22: 65 | K22: 17 | L22: 82 | M22: 873 | N22: 259 | O22: 37 | P22: 250 | Q22: 619 | R22: 98 | S22: 250 | T22: 22 | U22: 372 | V22: 60 | W22: 16 | X22: 3427
B31: INDICADOR | C31: OPORTUNIDAD DE SERVICIO
B32: DESCRIPCION | C32: Expresa la relación entre el número de solicitudes de la comunidad frente a los servicios de la secretaria que se resolvieron en el tiempo establecido en el procedimiento sobre el total de solicitudes que fueron atendidas a los usuarios | P32: En el PRIMER TRIMESTRE del año 2024 participaron 618 personas en las diferentes acciones de formación y cultura ciudadana para la movilidad. En comparación al cuarto trimestre del año 2023 se tiene una reducción del 85% de paticipación debido a diferentes situaciones entre ellas: - Estructuración de los indicadores de educación vial en el Plan de Desarrollo 2024-2027. - Inicio del contrato de prestación de servicios para el apoyo de las actividades de educación vial a partir del 19 de febnrero de 2024. - Inicio de las actividades de las instituciones educativas a partir del mes de febrero.
B33: FORMULA | C33: Numero solicitudes de los servicios resueltos a tiempo / numero de solicitudes atendidas) * 100 | M33: TRIM IV - 2022 | N33: 4072
M34: TRIM I - 2023 | N34: 618
B35: El 100% de las solicitudes en el periodo, fueron resueltas en la debida oportunidad . | M35: TRIM II - 2023
M36: TRIM III - 2023
M37: TRIM IV - 2023
B39: INDICADOR | C39: CALIDAD EN EL SERVICIO | M39: TOTAL AÑO 2023 | N39: =N34+N35+N36+N37 -> 618
B40: DESCRIPCION | C40: Se define como la sumatoria del puntaje obtenido en la encuesta de satisfacción realizada a los usuarios atendidos mediante los servicios sobre el numero total de encuestas que fueron aplicadas | M40: % DIFERENCIA ENTRE TRIM III - TRIM IV | N40: =N34-N33 -> -3454
B41: FORMULA | C41: Sumatoria del Puntaje Encuestas de satisfaccion / Numero Total Encuestas Aplicadas
B43: Los asistentes y usuarios de los cursos de seguridad vial en el CUARTO TRIMESTRE del año evaluaron aspectos de Coherencia entre los objetivos del programa y el contenido de la capacitación; asertividad del mensaje según expectativas; Conveniencia de los horarios de clase, el compromiso con el cuidado propio y de los demás, el entendimiento de las normas de tránsito y la responsabilidad individual frente a la práctica de las mismas; otorgando una califcacion de con 4.9 sobre 5.0 por parte de los encuestados. | E43: 62 encuestas | F43: puntaje obtenido 305,2 | G43: calificacion: 4,9
B45: INDICADOR | C45: Cumplimiento al plan
B46: DESCRIPCION | C46: Expresa la relación entre las actividades ejecutadas del plan de formación ciudadana sobre el número total de actividades planeadas
B47: FORMULA | C47: (Actividades Ejecutadas del Plan de Desarrollo en Formación Ciudadana / Actividades Planeadas del Plan de Desarrollo de Formación Ciudadana)*100
B50: DATOS I TRIMESTRE DE 2024
B51: ACTIVIDADES FORMACION CIUDADANA PLAN DE DESARROLLO | C51: Unidad de medida | D51: Forma de acumulación | E51: Meta programada 2024 | F51: EJECUTADO ACUMULADO 2023
B52: Centros integrales de atención implementados y operando | C52: Número | D52: Mantenimiento | E52: 1 | F52: 1
B53: Zonas impactadas con cultura ciudadana para la movilidad | C53: Número | D53: Suma | E53: 3 | F53: 5
B54: Docentes de educación primaria capacitados en el fortalecimiento de las competencias en seguridad vial | C54: Número | D54: Suma | E54: 20 | F54: 1
B55: Docentes de educación secundaria capacitados en el fortalecimiento de las competencias en seguridad vial | C55: Número | D55: Suma | E55: 20 | F55: 6
B56: Instituciones educativas oficiales con proyecto de formación en seguridad vial implementado | C56: Número | D56: Suma | E56: 1 | F56: 3
B57: Estudiantes de las instituciones educativas oficiales beneficiados con los cursos de formación en seguridad vial | C57: Número | D57: Suma | E57: 50 | F57: 0
B59: EL CUMPLIMIENTO DEL PLAN SE DIO ACORDE A LO PROGRAMADO, SUPERANDO EL 100%

Sheet DATOS
E2: INDICADORES DE GESTIÓN FORMACION CIUDADANA 2024
B9: CORTE: 31 DE MAYO DE 2023
B11: MES | C11: (Todas) | F11: MES | G11: (Todas)
B13: ZONAS | C13: Suma de TOTAL SEXO | F13: ACCIONES | G13: Suma de TOTAL SEXO
B14: Zona 1 | C14: 75 | F14: Centro de Educación Vial | G14: 896
B15: Zona 2 | C15: 277 | F15: Educación vial en empresas | G15: 402
B16: Zona 3 | C16: 19 | F16: Educación vial en instituciones educativas | G16: 1097
B17: Zona 4 | C17: 9 | F17: Evento Secretaría de Movilidad | G17: 246
B18: Zona 5 | C18: 274 | F18: Experiencias ciudadanas en movilidad sostenible y segura | G18: 449
B19: Zona 7 | C19: 128 | F19: Patrulla de Tránsito | G19: 299
B20: Zona 8 | C20: 258 | F20: Representación en Comités del municipio | G20: 38
B21: Zona 9 | C21: 1964 | F21: Total general | G21: 3427
B22: Zona 10 | C22: 2
B23: Zona 12 | C23: 100
B24: Zona 6 | C24: 321
B25: Total general | C25: 3427
B30: MES | C30: (Todas)
C32: ZONAS
C33: Zona 1 | D33: Zona 10 | E33: Zona 12 | F33: Zona 2 | G33: Zona 3 | H33: Zona 4 | I33: Zona 5 | J33: Zona 6 | K33: Zona 7 | L33: Zona 8 | M33: Zona 9 | N33: Total general
B34: Suma de TOTAL SEXO | C34: 75 | D34: 2 | E34: 100 | F34: 277 | G34: 19 | H34: 9 | I34: 274 | J34: 321 | K34: 128 | L34: 258 | M34: 1964 | N34: 3427
E42: MES | F42: (Todas)
B43: INFORMACIÓN INSTITUCIONES EDUCATIVAS | E43: ÁREA DE EDUCACIÓN VIAL | F43: Educación vial en instituciones educativas
B44: MES | C44: (Todas)
B45: ÁREA DE EDUCACIÓN VIAL | C45: Educación vial en instituciones educativas | E45: PÚBLICOS | F45: Suma de TOTAL SEXO
E46: Docentes de secundaria instituciones educativas | F46: 17 | G46: =GETPIVOTDATA("TOTAL PERSONAS INTERVENIDAS",$E$45,"PÚBLICOS","Estudiantes primaria")+GETPIVOTDATA("TOTAL PERSONAS INTERVENIDAS",$E$45,"PÚBLICOS","Estudiantes preescolar") -> #REF!
B47: INSTITUCIONES EDUCATIVAS | C47: Suma de TOTAL SEXO | E47: Estudiantes primaria | F47: 598
B48: COLEGIO COLOMBO BRITÁNICO | C48: 217 | E48: Estudiantes secundaria | F48: 257
B49: Secretaría de Movilidad | C49: 16 | E49: Padres de familia | F49: 84
B50: I.E LA PAZ | C50: 3 | E50: Docentes de primaria instituciones educativas | F50: 65
B51: I.E ALEJANDRO VELEZ BARRIENTOS | C51: 1 | E51: Transportadores escolares | F51: 16
B52: I.E COMERCIAL DE ENVIGADO - SEDE PIO XII | C52: 317 | E52: Rectores de instituciones educativas | F52: 60
B53: I.E LETICIA ARANGO DE AVENDAÑO | C53: 1 | E53: Total general | F53: 1097
B54: I.E JOSE MIGUEL DE LA CALLE | C54: 84
B55: CENTRO EDUCATIVO LA GACELA | C55: 13
B56: I.E DARIO DE BEDOUT | C56: 274
B57: I.E MANUEL URIBE ANGEL - SEDE MARCELIANO VELEZ | C57: 76
B58: Secretaría de Educación | C58: 60
B59: GIMNASIO CANTARES | C59: 22
B60: COLEGIO INTEGRADO LAURELES | C60: 2
B61: CDI TEJIENDO SUEÑOS COMETAS | C61: 2
B62: CORPORACIÓN CREAR UNIDOS | C62: 9
B63: Total general | C63: 1097
B78: INFORMACIÓN EMPRESAS FORMACIÓN INTERNA | E78: INFORMACIÓN EMPRESAS
B79: MES | C79: (Todas) | E79: MES | F79: (Todas)
B80: ÁREA DE EDUCACIÓN VIAL | C80: Educación vial en empresas | E80: ÁREA DE EDUCACIÓN VIAL | F80: Educación vial en empresas
B82: EMPRESAS | C82: Suma de TOTAL SEXO | E82: EMPRESAS | F82: Suma de TOTAL SEXO
B83: Alcaldía de Envigado | C83: 2 | E83: Agentes de Tránsito | F83: 17
B84: Bienes y bienes | C84: 5 | E84: Auxiliares de tránsito | F84: 27
B85: Secretaría de Movilidad | C85: 137 | E85: Colaboradores de las diferentes dependencias de la Alcaldía | F85: 166
B86: Construgen | C86: 3 | E86: Conductores en general | F86: 90
B87: Consorcio Nuevo Palacio | C87: 7 | E87: Empleados de empresas comerciales y de servicios del municipio | F87: 75
B88: Solidrill SAS | C88: 4 | E88: Personas mayores | F88: 22
B89: Amigos del Barrio | C89: 124 | E89: Conductores de transporte público (taxis) | F89: 5
B90: Terrbus | C90: 54 | E90: Total general | F90: 402 | G90: =GETPIVOTDATA("TOTAL SEXO",$E$82)-19 -> 383
B91: Haceb | C91: 36
B92: Policía Nacional | C92: 22
B93: Constructora Nazareth | C93: 2
B94: Soteco | C94: 2
B95: Mattur | C95: 4
B96: Total general | C96: 402
B126: INFORMACIÓN EXPERIENCIAS CIUDADANAS
B128: MES | C128: (Todas) | E128: MES | F128: (Todas)
B129: ÁREA DE EDUCACIÓN VIAL | C129: Experiencias ciudadanas en movilidad sostenible y segura | E129: ÁREA DE EDUCACIÓN VIAL | F129: Experiencias ciudadanas en movilidad sostenible y segura
B131: EXPERIENCIAS CIUDADANAS | C131: Suma de TOTAL SEXO | E131: EXPERIENCIAS CIUDADANAS | F131: Suma de TOTAL SEXO
B132: Enviciescuela. Actividad experiencial en bicicleta | C132: 61 | E132: Enviciescuela. Actividad experiencial en bicicleta | F132: 61
B133: Motodestrezas. Orientación práctica sobre habilidades y destrezas en motocicleta | C133: 250 | E133: Motodestrezas. Orientación práctica sobre habilidades y destrezas en motocicleta | F133: 250 | G133: =GETPIVOTDATA("TOTAL PERSONAS INTERVENIDAS",$E$131,"TIPO DE INTERVENCIÓN ","Campaña en vía")+GETPIVOTDATA("TOTAL PERSONAS INTERVENIDAS",$E$131,"TIPO DE INTERVENCIÓN ","Formación en educación y seguridad vial")+GETPIVOTDATA("TOTAL PERSONAS INTERVENIDAS",$E$131,"TIPO DE INTERVENCIÓN ","Reunión de planeación para actividades")+GETPIVOTDATA("TOTAL PERSONAS INTERVENIDAS",$E$131,"TIPO DE INTERVENCIÓN ","Sensibilización en movilidad sostenible y segura")+GETPIVOTDATA("TOTAL PERSONAS INTERVENIDAS",$E$131,"TIPO DE INTERVENCIÓN ","Campaña Por La Movilidad Yo Sumo (itinerantes, sketch y comparsa)")+GETPIVOTDATA("TOTAL PERSONAS INTERVENIDAS",$E$131,"TIPO DE INTERVENCIÓN ","Conversatorio en Movilidad Segura")+GETPIVOTDATA("TOTAL PERSONAS INTERVENIDAS",$E$131,"TIPO DE INTERVENCIÓN ","Sensibilizaciones en educación vial")+GETPIVOTDATA("TOTAL PERSONAS INTERVENIDAS",$E$131,"TIPO DE INTERVENCIÓN ","Pista Itinerante de movilidad segura")+GETPIVOTDATA("TOTAL PERSONAS INTERVENIDAS",$E$131,"TIPO DE INTERVENCIÓN ","Evento de ciudad con motociclistas que practican stunt")+GETPIVOTDATA("TOTAL PERSONAS INTERVENIDAS",$E$131,"TIPO DE INTERVENCIÓN ","Participaciòn en eventos de ciudad")+GETPIVOTDATA("TOTAL PERSONAS INTERVENIDAS",$E$131,"TIPO DE INTERVENCIÓN ","Actividad experiencial en educaciòn vial")+GETPIVOTDATA("TOTAL PERSONAS INTERVENIDAS",$E$131,"TIPO DE INTERVENCIÓN ","Reflexionar sobre las actuaciones en via publica")+GETPIVOTDATA("TOTAL PERSONAS INTERVENIDAS",$E$131,"TIPO DE INTERVENCIÓN ","Comité de Cultura")+GETPIVOTDATA("TOTAL PERSONAS INTERVENIDAS",$E$131,"TIPO DE INTERVENCIÓN ","Campaña en via") -> #REF! | H133: =G133-155 -> #REF!
B134: Orientación y seguimiento a labor comunitaria | C134: 11 | E134: Orientación y seguimiento a labor comunitaria | F134: 11
B135: Reunión de planeación para actividades | C135: 9 | E135: Reunión de planeación para actividades | F135: 9
B136: Sensibilización en movilidad sostenible y segura | C136: 4 | E136: Sensibilización en movilidad sostenible y segura | F136: 4
B137: Formación para el fortalecimiento de conocimientos, hábitos y comportamientos seguros | C137: 0 | E137: Formación para el fortalecimiento de conocimientos, hábitos y comportamientos seguros | F137: 0
B138: Pista itinerante de educación vial | C138: 100 | E138: Pista itinerante de educación vial | F138: 100
B139: Conversatorio en Movilidad Segura con enfoque de Género | C139: 14 | E139: Conversatorio en Movilidad Segura con enfoque de Género | F139: 14
B140: Total general | C140: 449 | E140: Total general | F140: 449
B182: MES | C182: (Todas)
B184: PATRULLA DE TRÁNSITO | C184: Suma de TOTAL SEXO
B185: Campaña en vía | C185: 250
B186: Enviciescuela. Actividad experiencial en bicicleta | C186: 61
B187: Orientación y seguimiento al Plan de Movilidad Escolar | C187: 4
B188: Reunión de planeación para actividades | C188: 83
B189: Sensibilización en movilidad sostenible y segura | C189: 326
B190: Conversatorio en Movilidad Segura | C190: 12
B191: Formación en funciones de auxiliar de tránsito | C191: 27
B192: Formaciòn de Patrulla de Trànsito | C192: 35
B193: Actividad experiencial en educaciòn vial | C193: 1225
B194: Orientación y seguimiento a labor comunitaria | C194: 25
B195: Formación para el fortalecimiento de conocimientos, hábitos y comportamientos seguros | C195: 452
B196: Motodestrezas. Orientación práctica sobre habilidades y destrezas en motocicleta | C196: 290
... B202: Total general | C202: 3427
B251: MES | C251: (Todas)
B253: BARRIOS | C253: Suma de TOTAL SEXO
B254: Alcalá | C254: 258
B255: Alto de Misael | C255: 17
B256: Barrio Mesa | C256: 317
B257: Barrio Obrero | C257: 84
B258: Centro | C258: 1563
B259: El Dorado | C259: 89
B260: El Portal | C260: 14
B261: La Inmaculada | C261: 274
B262: La Paz | C262: 1
B263: Loma del Barro | C263: 35
...

Sheet LISTAS
A1: MES | B1: ÁREAS DE EDUCACIÓN VIAL | C1: PÚBLICOS | D1: TIPO DE INTERVENCIÓN | E1: RESPONSABLE | F1: TIPO DE EVIDENCIA | G1: AÑO | H1: ZONA | I1: DÍA | J1: NOMBRE IE | K1: GEOREFERENCIACIÓN | L1: ZONA | M1: BARRIO
A2: ENE | B2: Centro de Educación Vial | C2: Administrativos instituciones educativas | D2: Acciones por la vida para motociclistas ANSV | E2: Daniel Ríos | F2: Listado de asistencia y fotografías | G2: 2022 | H2: N.A. | I2: 1 | J2: UNIDAD EDUCATIVA SAN MARCOS | K2: 6.176335, -75.586429 | L2: Zona 2 | M2: San Marcos
A3: FEB | B3: Educación vial en empresas | C3: Agentes de Tránsito | D3: Actividad experiencial en educaciòn vial | E3: Jairo Gaviria | F3: Evaluación y listado de asistencia | G3: 2023 | H3: Zona 1 | I3: 2 | J3: LICEO FRANCISCO RESTREPO MOLINA | K3: 6.170484, -75.585466 | L3: Zona 9 | M3: Centro
A4: MAR | B4: Educación vial en instituciones educativas | C4: Auxiliares de tránsito | D4: Atención a padres de familia patrulleros nuevos | E4: Juan Carlos Caicedo | F4: Fotografías | H4: Zona 2 | I4: 3 | J4: LICEO FRANCES | K4: 6.135196, -75.527939 | L4: Zona 12 | M4: Vereda Las Palmas
A5: ABR | B5: Experiencias ciudadanas en movilidad sostenible y segura | C5: Ciclistas | D5: Campaña en vía | E5: Yuliana Ramirez | F5: Certificado de participación | H5: Zona 3 | I5: 4 | J5: I.E SAN VICENTE DE PAUL - SEDE RURAL LA MORENA | K5: 6.167355, -75.565197 | L5: Zona 4 | M5: Loma del Atravesado
A6: MAY | B6: Patrulla de Tránsito | C6: Colaboradores de las diferentes dependencias de la Alcaldía | D6: Ciclopaseo | E6: Felipe Quintero | F6: Acta de reunión y fotografía | H6: Zona 4 | I6: 5 | J6: I.E SAN VICENTE DE PAUL | K6: 6.166862, -75.578916 | L6: Zona 5 | M6: La Pradera
A7: JUN | B7: Plan de formación interno | C7: Conductores de transporte público (buses) | D7: Conversatorio en Movilidad Segura | F7: Video de formación virtual | H7: Zona 5 | I7: 6 | J7: I.E MARTIN EDUARDO RIOS - SEDE LA CRUZ DEL PORVENIR | K7: 6.189958, -75.503116 | L7: Zona 13 | M7: Vereda Perico
A8: JUL | B8: Educación vial para personas mayores | C8: Conductores de transporte público (taxis) | D8: Convocatoria nuevos patrulleros | F8: Reunión virtual | H8: Zona 6 | I8: 7 | J8: I.E MARTIN EDUARDO RIOS | K8: 6.186791, -75.490075 | L8: Zona 13 | M8: Vereda Pantanillo
A9: AGO | B9: Representación en Comités del municipio | C9: Conductores en general | D9: Diálogos de movilidad segura y sostenible | F9: Fotografías e informe de entidad | H9: Zona 7 | I9: 8 | J9: I.E MARIA POUSSSEPIN | K9: 6.171157, -75.577011 | L9: Zona 3 | M9: Uribe Ángel
A10: SEP | B10: Acciones Por La Vida - ANSV | C10: Conductores sancionados por embriaguez | D10: Enviciescuela. Actividad experiencial en bicicleta | H10: Zona 8 | I10: 9 | J10: I.E LAS PALMAS | K10: 6.151222, -75.533765 | L10: Zona 12 | M10: Vereda Las Palmas
A11: OCT | C11: Docentes de primaria instituciones educativas | D11: Evento de ciudad con motociclistas que practican stunt | H11: Zona 9 | I11: 10 | J11: I.E LA PAZ - SEDE JHON F. KENNEDY | K11: 6.165060, -75.590946 | L11: Zona 7 | M11: El Dorado
A12: NOV | C12: Docentes de secundaria instituciones educativas | D12: Formaciòn de Patrulla de Trànsito | H12: Zona 10 | I12: 11 | J12: I.E LA PAZ - SEDE EL TRIANON | K12: 6.157702, -75.591316 | L12: Zona 7 | M12: El Trianón
A13: DIC | C13: Empleados de empresas comerciales y de servicios del municipio | D13: Formación en funciones de auxiliar de tránsito | H13: Zona 11 | I13: 12 | J13: I.E LA PAZ | K13: 6.162272, -75.594035 | L13: Zona 7 | M13: La Paz
C14: Empleados de empresas contratistas de obras | D14: Formación para el fortalecimiento de conocimientos, hábitos y comportamientos seguros | H14: Zona 12 | I14: 13 | J14: I.E JOSE MIGUEL DE LA CALLE | K14: 6.172741, -75.581248 | L14: Zona 9 | M14: Barrio Obrero
C15: Empleados de empresas de transporte del municipio | D15: Formación para el fortalecimiento de conocimientos, hábitos y comportamientos seguros | H15: Zona 13 | I15: 14 | J15: I.E JOSE MANUEL RESTREPO VELEZ - SEDE FERNANDO GONZALEZ | K15: 6.167664, -75.586311 | L15: Zona 9 | M15: Centro
C16: Equipo de educación vial | D16: Formación virtual en movilidad segura y sostenible | H16: General | I16: 15 | J16: I.E JOSE MANUEL RESTREPO VELEZ | K16: 6.171594, -75.591214 | L16: Zona 8 | M16: Alcalá
C17: Estudiantes desde preescolar hasta segundo | D17: Inducción PESV servidores de la Alcaldía | I17: 16 | J17: I.E NORMAL SUPERIOR DE ENVIGADO | K17: 6.167036, -75.581651 | L17: Zona 9 | M17: Barrio Mesa
C18: Estudiantes preescolar | D18: Motodestrezas. Orientación práctica sobre habilidades y destrezas en motocicleta | F18: Zona 9 | I18: 17 | J18: I.E EL SALADO | K18: 6.153244, -75.577675 | L18: Zona 6 | M18: El Salado
C19: Estudiantes primaria | D19: Ofrecimiento de servicios de educación vial | I19: 18 | J19: I.E DARIO DE BEDOUT | K19: 6.167951, -75.578449 | L19: Zona 5 | M19: La Inmaculada
C20: Estudiantes secundaria | D20: Orientación y seguimiento a labor comunitaria | I20: 19 | J20: I.E COMERCIAL DE ENVIGADO - SEDE SAN RAFAEL | K20: 6.157436, -75.583077 | L20: Zona 6 | M20: San Rafael
C21: Estudiantes servicio social del estudiantado | D21: Orientación y seguimiento a labor comunitaria | I21: 20 | J21: I.E COMERCIAL DE ENVIGADO - SEDE PIO XII | K21: 6.165319, -75.581362 | L21: Zona 9 | M21: Barrio Mesa
C22: Estudiantes universitarios | D22: Orientación y seguimiento al Plan de Movilidad Escolar | I22: 21 | J22: I.E COMERCIAL DE ENVIGADO | K22: 6.153470, -75.584819 | L22: Zona 6 | M22: San Rafael
C23: Integrantes patrulla de trànsito | D23: Orientación y seguimiento al Plan Estratégico de Seguridad Vial | I23: 22 | J23: I.E ALEJANDRO VELEZ BARRIENTOS - SEDE ALTO DE LAS FLORES | K23: 6.155359, -75.600822 | L23: Zona 7 | M23: Loma del Barro
C24: Líderes y lideresas juntas de acción comunal | D24: Participaciòn en eventos de ciudad | I24: 23 | J24: I.E ALEJANDRO VELEZ BARRIENTOS | K24: 6.170070, -75.592298 | L24: Zona 8 | M24: Alcalá
C25: Motociclistas | D25: Pista Itinerante de movilidad segura | I25: 24 | J25: COLUMBUS SCHOOL | K25: 6.155329, -75.541973 | L25: Zona 12 | M25: Vereda Las Palmas
C26: Niños y niñas de 4 a 7 años en ciclovía | D26: Prevención de la conducción bajo los efectos del alcohol o sustancias psicoactivas. | I26: 25 | J26: COLEGIO THEODORO HERTZL | K26: 6.139760, -75.520973 | L26: Zona 12 | M26: Vereda Las Palmas
C27: Niños y niñas de 4 a 7 años ubicados en espacios públicos Niños y niñas de 4 a 7 años ubicados en espacios públicos | D27: Reunión de planeación para actividades | I27: 26 | J27: COLEGIO TERESIANO | K27: 6.181006, -75.583458 | L27: Zona 2 | M27: Villagrande
C28: Padres de familia | D28: Reunión en representación de la Secretaría de Movilidad | I28: 27 | J28: COLEGIO SAGRADO CORAZON MONTEMAYOR | K28: 6.166993, -75.486025 | L28: Zona 13 | M28: Vereda Pantanillo
C29: Pasajeros | D29: Sensibilización en movilidad sostenible y segura | I29: 28 | J29: I.E MANUEL URIBE ANGEL - SEDE MARCELIANO VELEZ | K29: 6.172711, -75.586413 | L29: Zona 9 | M29: Centro
C30: Patrulla escolar | D30: Sensibilización en temas de bienestar laboral | I30: 29 | J30: I.E MANUEL URIBE ANGEL | K30: 6.170375, -75.589731 | L30: Zona 8 | M30: Alcalá
... C32: Patrulla personas mayores | D32: Servicio Social del Estudiantado | I32: 31 | J32: INSTITUCIÓN UNIVERSITARIA DE ENVIGADO | K32: 6.158888, -75.580766 | L32: Zona 6 | M32: San José
C33: Peatones | J33: INSTITUCION EDUCATIVA AVANZAR | K33: 6.137976, -75.556539 | L33: Zona 10 | M33: Vereda El Escobero
C34: Personas en situación de discapacidad | J34: I.E. GIMNASIO INTEGRAL SANTA ANA | K34: 6.158251, -75.588769 | L34: Zona 7 | M34: Las Antillas
C35: Personas mayores | J35: COLEGIO REGGIO EMILIA | K35: 6.161046, -75.564553 | L35: Zona 10 | M35: Vereda Santa Catalina
C36: Población en general | J36: COLEGIO MANUEL MEJIA VALLEJO | K36: 6.167353, -75.565105 | L36: Zona 4 | M36: Loma del Atravesado
C37: Transportadores escolares | J37: COLEGIO LA SALLE ENVIGADO | K37: 6.180520, -75.580212 | L37: Zona 3 | M37: Las Orquídeas
J38: COLEGIO INTEGRADO LAURELES | K38: 6.153116, -75.565744 | L38: Zona 10 | M38: Vereda El Escobero
J39: COLEGIO HONTANARES | K39: 6.137696, -75.525990 | L39: Zona 12 | M39: Vereda Las Palmas
J40: COLEGIO FRANCISCANO PALERMO DE SAN JOSÉ | K40: 6.148464, -75.560687 | L40: Zona 10 | M40: Vereda El Escobero
J41: COLEGIO FONTÁN | K41: 6.155537, -75.536446 | L41: Zona 12 | M41: Vereda Las Palmas
J42: COLEGIO DE LA PRESENTACION - ENVIGADO | K42: 6.171411, -75.588992 | L42: Zona 8 | M42: Alcalá
J43: COLEGIO DE CAPACITACIÓN DE ENVIGADO | K43: 6.167655, -75.587567 | L43: Zona 7 | M43: El Dorado
J44: COLEGIO CUMBRES | K44: 6.168832, -75.572212 | L44: Zona 5 | M44: La Inmaculada
J45: COLEGIO COLOMBO BRITÁNICO | K45: 6.177194, -75.584143 | L45: Zona 2 | M45: Pontevedra
J46: COLEGIO BILINGÜE LEONARDO DA VINCI | K46: 6.154734, -75.602636 | L46: Zona 7 | M46: Loma del Barro
J47: COLEGIO BENEDICTINO DE SANTA MARIA | K47: 6.179227, -75.575250 | L47: Zona 4 | M47: Zúñiga
J48: COLEGIO ALCARAVANES | K48: 6.150977, -75.536594 | L48: Zona 12 | M48: Vereda Las Palmas
J49: CORPORACIÓN CREAR UNIDOS | K49: 6.173354, -75.569704 | L49: Zona 4 | M49: El Esmeraldal
... J84: COSMOS SCHOOLS | K84: 6.169014965241419, -75.59014050980922 | L84: Zona 8 | M84: Alcalá
J85: Secretaria de Educacion
J86: Secretaria de Movilidad
J87: Sotrames
J88: Auditorio Monseñor Nelson Sierra | K88: 6.17105303338033, -75.5907534423287 | L88: Zona 8 | M88: Alcalá
J89: Empresa AKT | K89: 6.179438937621785, -75.58954770065306 | L89: Zona 1 | M89: Las vegas

Sheet ZONAS
A1: ZONA | B1: ORDEN
A2: Zona 1 | B2: 1
A3: Zona 2 | B3: 2
A4: Zona 3 | B4: 3
A5: Zona 4 | B5: 4
A6: Zona 5 | B6: 5
A7: Zona 6 | B7: 6
A8: Zona 7 | B8: 7
A9: Zona 8 | B9: 8
A10: Zona 9 | B10: 9
A11: Zona 10 | B11: 10
A12: Zona 11 | B12: 11
A13: Zona 12 | B13: 12
A14: Zona 13 | B14: 13
